timestamp,ch1,ch2,ch3,ch4,ch5,ch6,ch7,ch8,noise
0.005,-2,0,1,-3,-2,1,1,-9,0.0
0.01,-14,0,-3,2,3,-3,4,-14,0.0
0.015,12,1,2,-5,-2,-4,-4,-3,0.0
0.02,-12,-9,-6,2,-3,3,-5,17,0.0
0.025,8,1,-4,0,2,30,-4,18,0.0
0.03,-7,-1,-3,1,-6,-17,5,-1,0.0
0.035,6,1,-4,0,-3,-17,3,14,0.0
0.04,-11,-3,4,5,-2,-22,-8,-35,0.0
0.045,5,0,-4,4,0,-9,0,4,0.0
0.05,-2,-4,-2,-4,-5,-2,-2,0,0.0
0.055,-5,-1,-3,1,4,10,-1,8,0.0
0.06,6,-1,-2,-2,0,10,-1,14,0.0
0.065,-4,-3,-4,3,8,-2,4,-3,0.0
0.07,5,1,1,1,0,6,-5,-9,0.0
0.075,0,-4,1,-6,-1,-5,-1,2,0.0
0.08,1,1,0,-2,-2,7,-6,-14,0.0
0.085,-10,-5,-1,-2,-3,-2,-5,13,0.0
0.09,3,2,-1,-1,-6,1,-5,0,0.0
0.095,-4,-1,0,0,0,-4,4,-11,0.0
0.1,7,1,-1,6,-3,-14,12,8,0.0
0.105,-12,0,3,-2,2,13,6,-32,0.0
0.11,2,-1,-2,1,2,8,1,-2,0.0
0.115,1,1,1,0,0,2,-4,1,0.0
0.12,-1,1,-3,-2,-4,-6,-8,13,0.0
0.125,7,3,0,-5,-8,-22,-4,7,0.0
0.13,-5,-6,-4,0,3,5,-1,-15,0.0
0.135,-8,-3,6,0,-1,1,0,-12,0.0
0.14,4,3,5,-2,6,-1,5,0,0.0
0.145,-2,-2,6,-4,-5,0,-3,4,0.0
0.15,-11,-4,1,-6,2,1,-6,-19,0.0
0.155,-5,-1,-3,2,-5,-7,2,0,0.0
0.16,-5,1,-3,1,3,2,4,-6,0.0
0.165,-4,-3,1,-4,-1,-6,-2,8,0.0
0.17,2,1,-2,-1,0,-9,-5,-5,0.0
0.17500000000000002,-2,0,0,0,-4,-1,0,2,0.0
0.18,0,-4,-4,-1,-4,-2,3,1,0.0
0.185,-1,3,0,4,-4,-1,0,-4,0.0
0.19,5,0,0,-1,-7,8,-2,4,0.0
0.195,1,3,-3,0,1,-5,16,-3,0.0
0.2,1,-1,-1,3,1,0,6,2,0.0
0.20500000000000002,-2,-1,-5,-1,-1,-1,-6,0,0.0
0.21,-1,-5,-1,-7,-4,-3,-7,-4,0.0
0.215,-2,-1,-2,1,-4,-2,-3,-4,0.0
0.22,-4,-1,1,1,1,0,0,-2,0.0
0.225,-3,0,-3,0,0,-1,1,-9,0.0
0.23,-2,0,3,-1,1,-2,-2,-3,0.0
0.23500000000000001,-2,-2,-1,0,-3,-4,-2,1,0.0
0.24,0,2,1,-2,-1,0,0,-2,0.0
0.245,-3,-3,-3,-2,-5,-1,-2,-4,0.0
0.25,-2,-1,-3,-2,-6,-1,-3,0,0.0
0.255,2,-3,-1,2,0,-2,-1,-1,0.0
0.26,-1,1,1,-4,0,-3,3,3,0.0
0.265,-3,-2,2,-1,-2,-4,1,-2,0.0
0.27,-2,-4,0,-5,0,-1,-4,0,0.0
0.275,2,2,1,0,-2,-1,-2,-1,0.0
0.28,-2,-3,-2,-1,-3,-2,-2,-2,0.0
0.28500000000000003,-3,-3,1,0,1,-3,-1,-1,0.0
0.29,1,0,-3,1,-1,0,0,-3,0.0
0.295,1,-2,-2,-1,2,0,-3,-1,0.0
0.3,5,-1,0,-2,-2,-2,4,-2,0.0
0.305,1,3,1,2,6,-3,-1,-3,0.0
0.31,-4,-1,-1,-5,-4,-1,1,0,0.0
0.315,0,1,1,-2,-1,-2,-2,-3,0.0
0.32,-4,-2,-1,4,-3,0,-1,-1,0.0
0.325,-3,-2,-5,-2,-1,-1,-1,-3,0.0
0.33,3,2,-2,2,-4,0,-1,0,0.0
0.335,-4,-2,-2,0,0,-1,0,1,0.0
0.34,1,-3,-2,-1,0,-2,-1,-1,0.0
0.34500000000000003,0,0,0,3,0,1,3,-3,0.0
0.35000000000000003,-3,-2,2,-4,-6,2,-1,1,0.0
0.355,-1,0,0,3,2,-2,-2,-4,0.0
0.36,0,-2,-2,2,0,2,-2,1,0.0
0.365,-1,-1,-4,0,-2,0,5,-1,0.0
0.37,-2,-2,-1,-1,-2,-1,1,0,0.0
0.375,-3,-3,-2,2,-4,-2,-1,1,0.0
0.38,-2,0,0,-1,3,-2,-1,-4,0.0
0.385,3,1,1,-1,-1,-4,-3,-5,0.0
0.39,1,-2,-3,-5,0,-1,-3,5,0.0
0.395,1,-1,-2,0,-4,-1,-2,2,0.0
0.4,-3,-1,-5,-2,-4,-4,2,-4,0.0
0.405,-1,2,2,-2,1,-1,-1,-1,0.0
0.41000000000000003,-1,-3,2,1,0,0,-3,1,0.0
0.41500000000000004,0,0,0,0,0,-2,-1,2,0.0
0.42,1,-2,-2,-4,-1,0,3,-7,0.0
0.425,-1,-1,-3,1,-3,0,-4,-2,0.0
0.43,0,0,6,-1,2,-3,1,-2,0.0
0.435,-2,-1,-3,-4,0,-3,-3,5,0.0
0.44,-4,-2,-1,-3,-1,-4,0,-4,0.0
0.445,-1,-2,-3,-1,-4,0,2,-3,0.0
0.45,-4,-3,1,-1,-2,-1,-3,0,0.0
0.455,1,-2,-3,1,3,-5,2,-1,0.0
0.46,-1,-1,-3,-1,-4,-2,-1,-2,0.0
0.465,-2,-2,-2,-1,2,-4,0,-1,0.0
0.47000000000000003,-1,-1,-4,3,-4,1,1,1,0.0
0.47500000000000003,-6,1,1,3,0,1,-1,-4,0.0
0.48,-4,-2,0,-2,1,0,-1,-1,0.0
0.485,2,0,0,-1,-1,0,-3,-3,0.0
0.49,1,0,-2,-4,-2,-7,-5,2,0.0
0.495,-2,-4,-1,1,-4,2,0,1,0.0
0.5,0,1,-3,0,-2,-5,2,-2,0.0
0.505,-4,0,-2,0,-2,4,-4,-2,0.0
0.51,1,1,-2,-1,-1,2,-3,2,0.0
0.515,-1,1,-1,2,2,0,1,-2,0.0
0.52,0,-3,-1,1,-3,-3,-1,-5,0.0
0.525,-4,0,1,2,4,-2,2,2,0.0
0.53,0,-2,-1,-4,-4,1,0,-2,0.0
0.535,-3,3,-2,-1,3,-2,0,-1,0.0
0.54,-4,-2,0,0,0,2,0,-1,0.0
0.545,-1,-6,0,-3,-9,-3,-3,0,0.0
0.55,1,0,2,-2,2,0,-1,2,0.0
0.555,-2,-5,-2,0,-1,0,-1,-1,0.0
0.56,0,-1,-2,1,-1,-1,2,-3,0.0
0.5650000000000001,-1,-2,-2,-1,-5,-3,-3,1,0.0
0.5700000000000001,-1,-2,-2,-2,2,-3,-5,-5,0.0
0.5750000000000001,-6,2,0,-1,0,-1,-2,-3,0.0
0.58,-2,1,0,0,0,1,-3,0,0.0
0.585,0,-1,-1,3,1,-1,0,0,0.0
0.59,0,-6,-1,1,-2,0,0,2,0.0
0.595,0,0,0,-2,0,-2,-1,0,0.0
0.6,2,-2,-5,-6,0,1,-6,-2,0.0
0.605,1,-1,-2,2,0,1,-1,-2,0.0
0.61,0,4,2,6,-3,0,-7,-1,0.0
0.615,2,-2,-2,0,0,-1,1,-1,0.0
0.62,-4,-1,2,-3,-3,0,-1,-1,0.0
0.625,1,-2,-1,-1,-1,0,2,-3,0.0
0.63,1,-1,-1,1,-3,-1,0,0,0.0
0.635,-4,-1,-2,-2,-4,2,-1,-1,0.0
0.64,1,-1,-1,-1,1,-3,1,-1,0.0
0.645,-1,0,0,-4,-4,-1,-3,0,0.0
0.65,-2,-1,-1,-2,-1,0,3,-2,0.0
0.655,0,0,-4,0,-2,1,0,-1,0.0
0.66,2,-1,-4,1,-1,0,-1,-1,0.0
0.665,-4,0,0,-2,0,-1,0,1,0.0
0.67,0,-3,0,-2,0,-2,-1,2,0.0
0.675,-1,-2,-1,-1,0,-2,0,-1,0.0
0.68,-2,0,0,4,-1,-1,2,-2,0.0
0.685,-5,-4,-3,-3,0,0,1,-3,0.0
0.6900000000000001,1,-3,2,-1,0,-1,-1,2,0.0
0.6950000000000001,-2,-1,-1,-2,-5,-2,-2,2,0.0
0.7000000000000001,0,-1,-1,-2,0,-2,0,-1,0.0
0.705,-1,0,-1,-1,-1,-1,0,-2,0.0
0.71,-2,2,-1,1,-2,-3,-3,-4,0.0
0.715,-2,-1,-1,0,1,0,1,-1,0.0
0.72,-2,1,1,-2,-4,0,-1,1,0.0
0.725,1,-2,3,1,-2,-3,-4,-3,0.0
0.73,-2,0,-2,-3,-3,-3,-2,2,0.0
0.735,0,-3,-3,2,-1,3,2,-2,0.0
0.74,-3,-2,-1,-1,-1,-2,2,-3,0.0
0.745,-1,0,-3,-2,1,0,-1,1,0.0
0.75,-3,0,-3,-3,-2,-3,0,-2,0.0
0.755,3,-2,-4,0,-2,-4,0,-4,0.0
0.76,0,-1,-1,2,0,0,0,0,0.0
0.765,-1,0,6,-2,-2,-4,-1,1,0.0
0.77,-1,0,0,-2,-1,3,-2,1,0.0
0.775,-2,-1,-1,-1,-4,-2,-5,0,0.0
0.78,2,1,0,-3,-3,2,-1,0,0.0
0.785,-1,-3,-4,0,-1,-3,-1,2,0.0
0.79,-1,-2,-2,5,-4,-2,-1,-3,0.0
0.795,-1,-2,0,2,-5,-2,-3,-1,0.0
0.8,-3,0,0,1,1,-1,3,0,0.0
0.805,-2,0,-3,0,0,-2,0,0,0.0
0.81,-1,-2,-2,-1,0,0,1,0,0.0
0.8150000000000001,-1,1,-2,1,1,-3,-2,0,0.0
0.8200000000000001,-4,-3,0,0,2,-1,-1,-4,0.0
0.8250000000000001,3,-3,0,2,-1,0,-3,-3,0.0
0.8300000000000001,-4,2,-4,5,-1,-6,1,-2,0.0
0.835,-1,-2,0,2,0,-2,-2,-2,0.0
0.84,-2,-1,-2,-2,-3,-4,-1,-2,0.0
0.845,1,2,-3,-1,2,-1,4,0,0.0
0.85,-1,-2,2,-4,-3,0,0,-2,0.0
0.855,1,2,0,-1,1,1,2,1,0.0
0.86,-2,-4,-1,3,-3,0,0,-1,0.0
0.865,0,-3,0,-1,-1,-5,0,-2,0.0
0.87,-2,-1,-1,-1,2,0,0,-4,0.0
0.875,0,-3,-3,-1,-1,-3,-3,-1,0.0
0.88,-2,-1,-4,-2,-5,-1,-2,-3,0.0
0.885,-2,-4,3,-2,0,2,1,-2,0.0
0.89,-4,-1,2,-1,1,-3,2,-1,0.0
0.895,-1,0,1,-1,-4,0,-4,-1,0.0
0.9,0,0,-1,0,-2,-3,-3,2,0.0
0.905,1,-2,-3,1,0,-5,-2,0,0.0
0.91,-1,0,-1,-2,-1,-1,-2,0,0.0
0.915,0,0,-2,-1,0,0,0,2,0.0
0.92,-2,0,-1,-2,-2,0,-2,-5,0.0
0.925,-1,-1,2,-1,1,-1,-1,-2,0.0
0.93,-1,-2,-4,1,-6,-2,-2,3,0.0
0.935,-2,0,0,-4,-3,-8,0,2,0.0
0.9400000000000001,-2,-2,-1,2,0,-3,-2,-1,0.0
0.9450000000000001,0,-1,-1,4,1,0,-1,-2,0.0
0.9500000000000001,0,-4,-2,-3,0,1,0,-2,0.0
0.9550000000000001,-2,-2,0,-2,-5,2,-2,0,0.0
0.96,-2,-3,-4,-1,-2,-3,-1,-1,0.0
0.965,-1,-2,-2,-4,-1,-1,0,-2,0.0
0.97,-2,0,-3,0,1,3,-1,-2,0.0
0.975,-1,-2,-3,-3,-1,-2,-1,1,0.0
0.98,0,-1,0,-3,0,-1,-4,-2,0.0
0.985,-2,0,0,-4,-1,1,-1,0,0.0
0.99,0,-1,-1,1,-4,-3,-3,1,0.0
0.995,-2,5,1,0,0,-4,1,-2,0.0
1.0,2,-3,-4,-1,-3,-4,-1,-2,0.0
1.0050000000000001,-1,1,3,1,1,-1,-2,0,0.0
1.01,-2,-1,0,0,-2,-3,0,-2,0.0
1.0150000000000001,0,-2,-2,1,-4,2,-1,-3,0.0
1.02,-3,1,-1,-1,1,0,0,-1,0.0
1.025,0,1,-1,-2,-1,0,-3,0,0.0
1.03,0,1,2,1,-1,-3,-2,-3,0.0
1.035,-2,0,-1,0,1,-1,0,0,0.0
1.04,0,0,-4,-3,0,-1,1,-1,0.0
1.045,1,0,0,-2,-1,0,2,-2,0.0
1.05,-1,-1,-2,-7,-2,-5,-2,1,0.0
1.055,1,0,0,2,-4,1,-4,2,0.0
1.06,0,1,-1,1,-3,-3,-2,0,0.0
1.065,0,-3,-2,0,-4,-1,-4,-1,0.0
1.07,-2,0,0,1,-1,-1,1,-2,0.0
1.075,1,0,-3,0,-1,-4,-3,-4,0.0
1.08,-1,-1,0,-4,-2,3,0,-1,0.0
1.085,0,3,-2,1,3,0,2,-1,0.0
1.09,-1,0,-1,-3,0,3,0,2,0.0
1.095,-5,-3,-1,-2,0,-5,0,0,0.0
1.1,-3,1,-1,-2,1,-3,-2,-2,0.0
1.105,2,0,0,-1,1,0,-2,-2,0.0
1.11,-4,0,-2,-3,-2,0,-1,-3,0.0
1.115,1,1,-1,0,-3,0,0,-2,0.0
1.12,0,-5,-1,1,1,1,-1,0,0.0
1.125,-2,-1,-2,-3,-1,-3,3,-4,0.0
1.1300000000000001,-1,-5,-1,-6,2,-1,-1,-1,0.0
1.135,-3,-1,-1,-1,-4,1,-3,-2,0.0
1.1400000000000001,0,-2,-1,4,1,-5,1,-2,0.0
1.145,-1,-2,0,0,1,0,-1,0,0.0
1.1500000000000001,1,0,0,-2,0,0,-2,-1,0.0
1.155,-1,2,1,-1,1,1,0,-3,0.0
1.16,1,-3,-1,0,1,-2,-1,-1,0.0
1.165,-2,-1,-1,-5,0,1,1,-1,0.0
1.17,0,-3,-1,0,0,-2,-1,1,0.0
1.175,-2,-3,0,2,-4,0,-2,-2,0.0
1.18,-3,1,1,3,-3,0,0,-4,0.0
1.185,0,1,-3,-2,2,1,-3,-2,0.0
1.19,0,0,2,-2,-1,-3,-2,0,0.0
1.195,-1,-3,-3,-4,-2,-2,-2,0,0.0
1.2,-3,-3,-2,-1,-4,-4,0,0,0.0
1.205,1,-1,0,3,-3,-4,0,-3,0.0
1.21,-2,-1,-1,1,0,-2,-2,-2,0.0
1.215,5,0,3,3,0,1,-2,-3,0.0
1.22,1,-2,-2,-1,2,0,-1,-1,0.0
1.225,-2,-1,1,1,-3,0,-2,-2,0.0
1.23,-1,-2,0,1,2,1,2,-2,0.0
1.235,-4,-3,-2,-5,0,1,0,-1,0.0
1.24,1,1,1,0,1,-1,2,-1,0.0
1.245,-2,-1,-1,-5,-3,-4,-5,2,0.0
1.25,1,1,-1,-5,-2,1,-4,-4,0.0
1.2550000000000001,2,-3,0,1,-1,-1,0,-1,0.0
1.26,-4,-3,1,1,-4,-3,-2,-1,0.0
1.2650000000000001,-1,1,-3,0,-3,-1,-1,0,0.0
1.27,-3,2,-3,-1,-3,-4,1,0,0.0
1.2750000000000001,-1,-3,-1,0,-1,3,2,-2,0.0
1.28,-3,-3,-3,-1,2,1,0,-2,0.0
1.285,-3,-2,0,-1,-2,-2,-2,-3,0.0
1.29,-2,-3,-2,4,-1,1,-1,-1,0.0
1.295,-1,1,1,-2,2,-7,1,-2,0.0
1.3,2,-1,-1,-1,-3,-2,-1,1,0.0
1.305,1,-4,-1,0,3,1,0,0,0.0
1.31,1,-2,-1,0,-2,-1,-1,0,0.0
1.315,-5,0,-1,-2,-1,0,-4,-2,0.0
1.32,0,1,-1,-2,-1,-1,0,0,0.0
1.325,-2,-1,2,1,2,-1,1,-2,0.0
1.33,0,0,-3,2,0,-4,0,0,0.0
1.335,-1,-4,0,-2,-3,-1,-2,-2,0.0
1.34,0,1,0,0,2,-2,-1,-2,0.0
1.345,0,0,0,-1,-1,1,0,-3,0.0
1.35,-3,-2,-6,-3,0,-1,-4,-2,0.0
1.355,-3,0,-2,2,0,-1,-2,-2,0.0
1.36,-1,2,-2,1,-6,-2,0,1,0.0
1.365,0,1,1,0,2,-4,-1,2,0.0
1.37,-2,-1,2,-2,-1,2,1,-2,0.0
1.375,-2,-3,-4,-5,-3,-4,-3,-1,0.0
1.3800000000000001,2,-2,0,-1,3,0,-1,-1,0.0
1.385,-3,-4,-3,-2,-5,-4,-3,0,0.0
1.3900000000000001,-2,-2,0,-2,0,0,1,-3,0.0
1.395,1,3,-1,-2,0,-3,0,-1,0.0
1.4000000000000001,-2,-4,0,0,-1,-1,2,0,0.0
1.405,-1,2,-2,-2,-3,-1,1,-1,0.0
1.41,2,-1,1,-4,-1,-4,-4,-3,0.0
1.415,-2,-1,-2,0,1,-1,0,-2,0.0
1.42,-1,1,1,3,-5,-4,-2,0,0.0
1.425,-2,-3,-2,-1,1,2,1,2,0.0
1.43,-3,0,0,-1,-3,-1,0,-1,0.0
1.435,-1,-1,-1,2,1,2,0,-3,0.0
1.44,0,2,-1,-4,2,-1,-2,-3,0.0
1.445,0,-4,2,-2,-3,-1,0,-2,0.0
1.45,-5,-1,0,-2,-3,1,0,-1,0.0
1.455,-1,0,-1,3,-3,-2,1,-1,0.0
1.46,0,2,-2,0,1,-3,-3,0,0.0
1.465,-1,1,-1,-2,-3,1,-1,-2,0.0
1.47,-2,-3,0,2,0,0,2,-3,0.0
1.475,-1,-2,-1,0,0,-2,0,-3,0.0
1.48,-1,-4,-3,-2,-4,-2,-1,0,0.0
1.485,-4,-1,-3,-1,0,0,-2,0,0.0
1.49,1,0,-1,0,0,1,-5,1,0.0
1.495,-2,-1,-1,0,0,-2,4,-2,0.0
1.5,-2,-2,1,0,-3,2,-2,-2,0.0
1.5050000000000001,-1,-1,-3,-1,-3,-1,1,0,0.0
1.51,-1,-2,-3,-2,-1,-2,-1,-1,0.0
1.5150000000000001,0,2,-3,0,3,2,-5,-2,0.0
1.52,-3,0,-1,-4,2,-4,-1,-5,0.0
1.5250000000000001,0,-1,-1,-1,1,-1,2,1,0.0
1.53,-2,-1,1,-5,-2,-1,-1,0,0.0
1.5350000000000001,0,-2,-5,-1,-2,-5,-4,1,0.0
1.54,-1,-2,-2,-1,-4,-2,1,0,0.0
1.545,-2,0,-1,2,1,0,-2,-2,0.0
1.55,-2,-3,0,-2,-4,-2,-1,-1,0.0
1.555,-2,1,3,-3,-1,4,0,-1,0.0
1.56,-1,0,-1,-3,-4,-1,1,0,0.0
1.565,0,1,-2,-3,-1,-5,0,-3,0.0
1.57,0,-2,-3,-3,-2,-2,-2,-1,0.0
1.575,0,-2,-2,0,0,0,1,-4,0.0
1.58,2,-2,-2,-3,-2,-2,-1,-2,0.0
1.585,-2,-3,0,-1,-1,0,-3,-2,0.0
1.59,-2,-1,-3,0,-3,-2,-1,-3,0.0
1.595,0,-1,-2,-2,-3,-2,0,-1,0.0
1.6,-1,-3,-4,-1,0,-1,3,0,0.0
1.605,-1,-3,-2,-2,-1,1,-2,-3,0.0
1.61,0,-1,0,1,0,-3,-1,-1,0.0
1.615,-2,2,2,-2,-4,-1,-1,-3,0.0
1.62,-4,-2,-2,1,-2,-2,-3,-3,0.0
1.625,-1,-1,-1,-4,0,-4,-2,-1,0.0
1.6300000000000001,-1,-1,1,-4,3,0,-3,-1,0.0
1.635,-2,1,-1,1,1,-3,0,-1,0.0
1.6400000000000001,0,1,0,1,-3,-2,0,0,0.0
1.645,0,2,1,-1,0,-1,-1,-1,0.0
1.6500000000000001,0,-1,-5,-5,0,-2,3,-1,0.0
1.655,-3,2,-1,4,-1,0,-4,-2,0.0
1.6600000000000001,0,2,1,-3,-2,2,0,-1,0.0
1.665,0,-6,-2,-3,-2,-1,-3,-1,0.0
1.67,0,1,1,-3,0,-1,-1,-1,0.0
1.675,-1,-3,-2,1,-2,-1,0,0,0.0
1.68,-3,1,-1,-1,-3,-1,-1,0,0.0
1.685,1,-2,-3,-6,-5,-3,-2,-1,0.0
1.69,-4,-2,0,0,-1,1,1,-2,0.0
1.695,0,-1,-4,1,-2,-1,-1,1,0.0
1.7,1,0,1,-3,-2,-2,1,-2,0.0
1.705,-2,3,-4,-2,2,-2,-2,-1,0.0
1.71,-1,1,0,0,-3,0,0,-3,0.0
1.715,0,-2,-1,1,-2,0,-2,-3,0.0
1.72,0,1,-1,-1,-6,-1,-2,-2,0.0
1.725,-2,-2,-3,4,0,2,-1,-1,0.0
1.73,0,0,0,2,0,-2,-2,0,0.0
1.735,0,0,-3,2,-4,-2,1,-3,0.0
1.74,1,2,3,3,-1,0,-3,-2,0.0
1.745,0,-1,-2,-2,-3,-3,-3,-1,0.0
1.75,-2,-1,-3,-2,2,2,0,-1,0.0
1.7550000000000001,-3,-3,-2,2,0,1,-2,2,0.0
1.76,-4,-7,-4,0,-2,-1,1,-1,0.0
1.7650000000000001,0,0,1,1,-2,-2,2,1,0.0
1.77,0,1,2,1,0,-1,-3,-1,0.0
1.7750000000000001,-1,-2,1,0,-2,-1,0,-2,0.0
1.78,2,0,-1,-2,-1,-2,0,-1,0.0
1.7850000000000001,-2,-2,-2,-2,-4,-2,-2,0,0.0
1.79,-1,-2,-1,1,0,-1,-2,-2,0.0
1.795,-2,-4,0,-3,0,-1,1,0,0.0
1.8,-2,-2,-5,-3,0,-4,1,-4,0.0
1.805,-2,-3,2,-4,-2,1,0,-2,0.0
1.81,-2,1,0,2,-2,-1,-1,-2,0.0
1.815,-2,2,0,4,-1,-1,-3,-2,0.0
1.82,1,-2,-4,-4,-2,1,0,-2,0.0
1.825,-2,-3,-3,-2,1,-6,-1,-3,0.0
1.83,-1,-1,-1,-1,-3,-3,1,3,0.0
1.835,-1,-1,1,-2,-1,-2,-4,-1,0.0
1.84,-4,-5,-2,-3,-1,-1,1,-1,0.0
1.845,1,1,-2,3,-1,-3,-4,-1,0.0
1.85,-1,-2,-1,0,2,-3,-2,-3,0.0
1.855,-4,-3,-3,-1,-2,-2,-1,1,0.0
1.86,-2,3,-1,-2,-3,1,-2,0,0.0
1.865,-1,0,0,3,3,-2,0,-3,0.0
1.87,-3,-4,-3,-8,0,2,0,0,0.0
1.875,-3,-1,1,-1,-1,4,1,0,0.0
1.8800000000000001,1,-3,-1,-4,-2,-3,-4,1,0.0
1.885,-2,-4,-1,-5,0,3,-1,-1,0.0
1.8900000000000001,-1,0,-1,3,3,-2,1,-4,0.0
1.895,-1,-1,1,-3,-2,-2,-1,1,0.0
1.9000000000000001,-2,1,-1,1,3,-1,-4,-2,0.0
1.905,1,-4,1,-5,-2,-1,1,-3,0.0
1.9100000000000001,-3,-2,1,-4,0,-3,-4,-3,0.0
1.915,0,1,-2,-3,0,-2,-2,-2,0.0
1.92,-2,0,-2,-3,-1,-4,0,1,0.0
1.925,-4,3,0,-1,-2,-2,2,-3,0.0
1.93,-2,-4,-2,-2,-3,-1,-1,1,0.0
1.935,-1,1,0,3,-3,-2,-3,0,0.0
1.94,2,-4,-2,-3,-1,-3,2,-2,0.0
1.945,-1,0,2,2,-1,1,1,-3,0.0
1.95,-2,-2,-3,-3,-1,-1,3,-1,0.0
1.955,1,-2,-3,0,-2,1,-1,-2,0.0
1.96,-3,0,-2,-2,1,-1,-1,-2,0.0
1.965,-1,-2,0,0,1,-4,-3,-2,0.0
1.97,2,-1,-2,1,-2,-2,0,-2,0.0
1.975,-1,0,-1,-3,-1,2,-1,0,0.0
1.98,2,2,0,3,0,-1,-1,-2,0.0
1.985,-2,-2,-3,-7,0,1,-1,0,0.0
1.99,1,-3,3,-3,-1,2,-2,-1,0.0
1.995,-6,-1,-5,1,-2,0,0,-4,0.0
2.0,-1,-1,-1,-2,-1,0,-2,-1,0.0
2.005,-1,1,1,1,2,-3,0,1,0.0
2.0100000000000002,2,2,-1,-1,-3,-3,0,0,0.0
2.015,1,-5,-2,-3,1,-2,1,-3,0.0
2.02,-1,1,-1,1,-3,2,-1,0,0.0
2.025,0,-3,-3,-3,-1,-4,-4,-1,0.0
2.0300000000000002,1,3,-3,-2,-1,2,0,-3,0.0
2.035,-1,-2,3,1,-3,0,-2,-1,0.0
2.04,-1,-3,-3,2,-3,0,-3,-1,0.0
2.045,-1,-3,-2,0,1,-2,-1,1,0.0
2.05,-4,-1,0,-2,-3,-4,-3,0,0.0
2.055,-2,-1,-3,0,1,-6,-1,0,0.0
2.06,-2,-1,-1,-1,-3,0,1,-2,0.0
2.065,-2,1,-2,-5,-4,-2,-1,-4,0.0
2.07,0,-1,-1,-1,-1,-4,-2,1,0.0
2.075,-2,2,0,0,-2,-2,0,-2,0.0
2.08,-1,-2,-2,4,0,1,1,0,0.0
2.085,0,-1,-2,1,-1,0,2,-3,0.0
2.09,1,-2,1,1,-2,-4,-1,-2,0.0
2.095,-2,-2,-1,2,-1,-2,0,-1,0.0
2.1,-3,-1,-3,1,0,-5,0,1,0.0
2.105,-3,-3,-3,1,-1,-1,-2,-2,0.0
2.11,-2,0,-1,-1,0,0,-1,-4,0.0
2.115,0,0,1,2,0,-3,0,0,0.0
2.12,0,-3,-2,-3,-3,0,-2,-2,0.0
2.125,-2,-1,0,-5,-5,-1,-1,-1,0.0
2.13,-1,-1,1,1,3,0,0,-1,0.0
2.1350000000000002,0,-4,-1,-1,-3,1,-2,1,0.0
2.14,-3,-2,-4,-1,-2,0,0,-1,0.0
2.145,0,3,-4,-1,-1,-1,0,-4,0.0
2.15,1,-3,0,4,-4,-2,-1,-2,0.0
2.1550000000000002,-2,-1,2,-4,-3,0,-3,-1,0.0
2.16,2,-2,-2,0,-1,-3,-2,1,0.0
2.165,-3,-2,2,1,2,0,-2,-2,0.0
2.17,-4,-1,-5,1,-3,1,-1,-1,0.0
2.1750000000000003,-2,-1,-1,1,0,-2,-1,-2,0.0
2.18,0,1,-1,3,1,-1,-1,-2,0.0
2.185,-2,-3,-2,-1,-1,2,-2,0,0.0
2.19,3,-1,0,-1,0,-1,2,-3,0.0
2.195,0,1,-3,-2,0,-1,0,2,0.0
2.2,-3,-5,-4,-4,2,0,-3,-3,0.0
2.205,0,0,-1,3,0,0,0,-4,0.0
2.21,-3,-3,3,0,-1,0,-2,1,0.0
2.215,-3,2,0,-2,0,-1,-1,-2,0.0
2.22,0,-1,-3,-6,-3,1,0,-4,0.0
2.225,0,-2,-2,0,-2,1,-1,-2,0.0
2.23,-3,-2,0,-5,0,-2,1,-2,0.0
2.235,-1,-1,-2,1,-2,-2,-2,0,0.0
2.24,0,-2,1,-1,-1,-2,2,-1,0.0
2.245,-1,-5,-2,-5,-1,-1,-3,-3,0.0
2.25,2,0,-4,2,-1,-1,-1,-2,0.0
2.255,-2,-1,-1,-3,-3,-2,-2,-3,0.0
2.2600000000000002,-1,2,2,-2,-2,-1,-1,-4,0.0
2.265,-1,-4,-2,-2,0,-4,0,4,0.0
2.27,-3,2,-1,-3,-1,-4,-4,2,0.0
2.275,1,2,-1,1,0,-3,-3,-1,0.0
2.2800000000000002,-1,0,-2,-1,0,2,1,-1,0.0
2.285,-2,0,3,-4,-1,-1,-2,-2,0.0
2.29,0,0,-3,-4,-3,-2,-3,-1,0.0
2.295,-2,-2,-5,-1,-4,-1,0,-2,0.0
2.3000000000000003,-3,-1,4,-9,-3,-2,-2,1,0.0
2.305,-1,-3,1,2,-3,-1,2,-2,0.0
2.31,1,0,-4,-1,3,-2,-1,1,0.0
2.315,-1,-1,3,2,-1,1,-2,-1,0.0
2.32,0,-3,-3,3,-1,0,-5,-1,0.0
2.325,-2,0,-3,1,-1,-3,-4,1,0.0
2.33,-3,-2,-1,-1,0,0,0,-4,0.0
2.335,-1,1,-1,-2,-1,0,-2,-1,0.0
2.34,2,-4,-2,-2,2,-4,4,-4,0.0
2.345,-3,-1,2,2,-1,-2,-2,0,0.0
2.35,-1,0,0,3,-3,2,-4,-2,0.0
2.355,2,-1,-1,1,-2,3,-1,-2,0.0
2.36,-1,0,-2,-3,1,-1,-2,1,0.0
2.365,-3,-4,0,-3,2,-2,1,-3,0.0
2.37,-3,1,-1,2,0,-1,-5,-1,0.0
2.375,-1,2,0,-4,0,0,2,-1,0.0
2.38,0,-1,1,-4,-4,-2,-4,-1,0.0
2.3850000000000002,-4,-2,-2,1,0,1,-2,0,0.0
2.39,0,1,-2,-1,-1,-2,0,-1,0.0
2.395,0,-1,2,-3,-2,-1,-2,-2,0.0
2.4,-1,0,-2,0,-5,1,0,1,0.0
2.4050000000000002,1,0,-3,-1,0,-3,1,-3,0.0
2.41,-1,-3,0,-1,2,-1,-2,0,0.0
2.415,0,1,-5,-2,-3,-2,-1,-3,0.0
2.42,-1,-3,-5,2,-1,0,-3,-1,0.0
2.4250000000000003,3,0,0,-1,-3,-1,0,-1,0.0
2.43,-3,-3,-3,-3,-2,-1,2,-2,0.0
2.435,-2,-1,2,-1,-1,-3,-4,0,0.0
2.44,1,0,-3,-3,-6,2,-4,1,0.0
2.445,-5,0,-5,-1,-2,-4,0,-1,0.0
2.45,1,-4,0,0,-4,3,1,-1,0.0
2.455,0,-4,-1,-2,1,2,0,-1,0.0
2.46,1,-2,-1,-1,0,0,2,-3,0.0
2.465,-2,-1,0,3,-1,0,-1,-2,0.0
2.47,1,2,2,1,0,-2,-2,-2,0.0
2.475,-3,-2,-1,0,0,0,1,-4,0.0
2.48,0,1,0,1,1,-1,1,3,0.0
2.485,-3,-4,-1,-4,0,-2,-1,1,0.0
2.49,-2,0,-1,4,1,-2,-1,-1,0.0
2.495,0,0,-1,-2,-2,-2,-1,-2,0.0
2.5,-1,-1,0,3,-2,-1,3,-2,0.0
2.505,-1,-2,0,-2,-5,-2,0,-1,0.0
2.5100000000000002,-2,-1,-4,1,-3,-3,-1,0,0.0
2.515,2,0,-1,0,-2,-2,0,1,0.0
2.52,-2,-3,-2,-1,-2,-2,-3,-2,0.0
2.525,1,0,-1,-2,-1,0,-2,-1,0.0
2.5300000000000002,-2,-1,1,0,1,-1,-1,0,0.0
2.535,-3,1,-2,0,-3,-4,2,0,0.0
2.54,0,0,2,0,0,-1,2,-6,0.0
2.545,0,0,-2,2,-4,-2,-1,0,0.0
2.5500000000000003,-2,2,-1,-2,1,1,0,-2,0.0
2.555,-2,-3,-1,1,-1,1,-2,0,0.0
2.56,-5,-2,-3,-3,-2,-5,0,-2,0.0
2.565,1,0,-2,0,-1,0,-1,-3,0.0
2.57,1,-3,-2,-4,-2,-2,1,-2,0.0
2.575,0,0,-2,-3,-1,-4,0,-3,0.0
2.58,1,-3,1,-3,1,-1,-1,-4,0.0
2.585,0,0,-2,0,-1,-3,-3,-1,0.0
2.59,-1,-2,-2,-6,1,-4,-3,2,0.0
2.595,-3,2,0,-2,-3,0,-2,-2,0.0
2.6,0,0,3,1,1,-1,0,-1,0.0
2.605,-2,-1,-4,-1,-1,-4,3,-1,0.0
2.61,1,0,-3,0,0,0,-3,-1,0.0
2.615,-1,-1,0,-4,-1,-1,1,-1,0.0
2.62,-3,0,-1,-1,-2,0,1,-2,0.0
2.625,-2,1,-2,-3,-1,-4,-3,1,0.0
2.63,0,-2,-4,-2,2,-1,-2,1,0.0
2.6350000000000002,0,-1,1,-2,4,-3,-2,0,0.0
2.64,-3,-2,-4,1,-3,-1,-4,0,0.0
2.645,-1,0,2,-1,-4,-4,-1,-4,0.0
2.65,-4,0,-1,-2,-4,-1,1,1,0.0
2.6550000000000002,0,0,-4,-1,-1,1,-4,-2,0.0
2.66,-2,-2,1,0,-3,-2,-2,0,0.0
2.665,-1,-4,0,1,-2,-1,1,0,0.0
2.67,-3,1,-1,-2,-3,-3,-2,0,0.0
2.6750000000000003,1,0,3,-4,-2,-3,0,-1,0.0
2.68,-1,-3,-1,1,-4,-1,-1,-1,0.0
2.685,-2,-1,1,3,-2,1,0,-3,0.0
2.69,-2,-4,-2,-2,-3,0,0,-1,0.0
2.695,0,-1,0,-2,1,-2,0,0,0.0
2.7,1,-4,-2,-1,-3,-3,-3,0,0.0
2.705,0,-1,0,-3,-2,-2,-2,2,0.0
2.71,-1,-3,0,-2,0,-1,-1,-2,0.0
2.715,-2,0,-3,-2,1,-2,-1,-3,0.0
2.72,0,0,0,0,4,0,5,0,0.0
2.725,-5,-3,-2,0,-1,-4,-3,-3,0.0
2.73,1,1,2,2,-2,-1,2,-1,0.0
2.735,-1,-2,-4,0,-2,2,-5,1,0.0
2.74,0,1,-1,1,-3,0,2,-5,0.0
2.745,2,1,-1,-2,-2,2,-1,0,0.0
2.75,0,-1,-3,-1,3,-4,0,-3,0.0
2.755,1,-4,0,2,-1,-1,2,-2,0.0
2.7600000000000002,-2,0,-3,-1,0,-4,-1,-2,0.0
2.765,-1,1,-4,-5,0,1,-1,0,0.0
2.77,-4,-1,-2,2,-2,-2,0,-2,0.0
2.775,-2,0,2,2,-1,2,3,0,0.0
2.7800000000000002,-1,1,-3,-4,-2,0,-2,1,0.0
2.785,-3,1,-1,-1,-1,-2,-1,1,0.0
2.79,-4,0,0,-3,0,2,-1,1,0.0
2.795,0,-3,-1,-1,-5,-3,-2,-3,0.0
2.8000000000000003,-2,-2,-1,-4,-4,0,-3,-1,0.0
2.805,-2,0,1,-1,3,-3,4,-5,0.0
2.81,-1,-1,-1,0,2,-2,-1,-1,0.0
2.815,-3,1,-2,4,0,1,-2,-1,0.0
2.82,0,-1,-1,-2,1,-7,-2,0,0.0
2.825,0,-1,-2,-1,-1,1,-1,-2,0.0
2.83,-2,0,-1,1,-2,-2,-4,-1,0.0
2.835,0,0,-1,-4,-2,-2,-1,-2,0.0
2.84,-3,-3,-1,-1,0,-2,-5,1,0.0
2.845,-1,-2,0,-3,-2,-4,1,0,0.0
2.85,-1,-1,0,1,-2,0,-1,-5,0.0
2.855,-4,-2,-2,-3,-2,0,-4,2,0.0
2.86,-2,0,-1,2,-2,-2,3,0,0.0
2.865,-1,0,0,1,-1,-1,-1,2,0.0
2.87,-2,2,-2,-2,-1,-1,1,-5,0.0
2.875,-3,-3,2,2,0,1,-4,-2,0.0
2.88,-2,-1,-1,-3,-2,-5,-1,2,0.0
2.8850000000000002,0,-2,-3,-4,-1,1,2,-4,0.0
2.89,-1,0,0,-1,0,1,-4,0,0.0
2.895,-1,-2,-4,-2,-1,-2,2,-3,0.0
2.9,1,0,-3,-4,-1,-3,0,-3,0.0
2.9050000000000002,-2,-1,2,0,0,-3,0,-2,0.0
2.91,1,0,0,-2,-3,0,-2,-2,0.0
2.915,1,1,-1,-1,1,-1,-4,-2,0.0
2.92,0,-2,0,1,-1,2,2,0,0.0
2.9250000000000003,-1,0,-2,-4,-5,0,-3,2,0.0
2.93,-1,0,-3,-2,-3,-1,-2,0,0.0
2.935,-6,0,-1,-3,-1,-2,-2,0,0.0
2.94,0,-1,1,-4,-1,-1,-1,0,0.0
2.945,0,-1,-1,-1,0,-3,-1,-3,0.0
2.95,-1,-2,0,-1,-2,-2,0,-2,0.0
2.955,-1,-2,-1,-5,-4,-3,1,0,0.0
2.96,-2,1,0,-1,-2,1,1,-1,0.0
2.965,1,-4,-5,-2,1,-3,0,1,0.0
2.97,-3,-1,0,-1,0,0,-4,0,0.0
2.975,1,2,-4,-2,-4,1,-1,-2,0.0
2.98,-2,-2,-1,-3,0,-1,0,-3,0.0
2.985,-4,-3,-1,-3,-2,1,0,0,0.0
2.99,-1,-2,-5,0,1,-3,-1,0,0.0
2.995,0,-1,-1,-1,-3,-3,-1,0,0.0
3.0,-3,0,1,-2,-6,2,0,-4,0.0
3.005,1,1,2,-1,-4,-3,1,-1,0.0
3.0100000000000002,0,-3,-3,-3,2,0,1,0,0.0
3.015,0,-1,-2,2,4,-3,0,-2,0.0
3.02,2,-1,-5,-2,0,-3,1,1,0.0
3.025,0,-4,0,-1,2,-3,-4,-2,0.0
3.0300000000000002,-3,0,-1,-5,-5,-2,1,0,0.0
3.035,0,1,-1,1,-3,-1,-2,-1,0.0
3.04,-2,-3,-2,3,0,-2,-1,-2,0.0
3.045,-3,3,-2,-1,1,0,1,-4,0.0
3.0500000000000003,1,-1,-1,2,4,0,2,0,0.0
3.055,-1,-1,-1,-3,-3,-1,-2,-2,0.0
3.06,-2,-1,-1,-1,-4,-6,-5,-2,0.0
3.065,-1,-3,-2,-2,-4,2,-3,-2,0.0
3.0700000000000003,-2,-1,0,0,3,-2,-3,-4,0.0
3.075,-1,-1,0,-1,-1,-2,0,-2,0.0
3.08,2,-2,-1,3,-3,-1,0,-1,0.0
3.085,0,2,-4,-1,2,0,-2,-1,0.0
3.09,1,-4,-1,-5,-1,1,-3,0,0.0
3.095,-1,0,-3,0,-3,1,2,-1,0.0
3.1,1,-2,0,0,2,-3,-1,-1,0.0
3.105,-3,-3,-3,-4,1,-1,0,-3,0.0
3.11,1,-1,0,2,0,-2,0,-4,0.0
3.115,-3,-5,-2,-1,3,-3,-2,-2,0.0
3.12,-1,0,1,1,-1,3,-2,-2,0.0
3.125,-2,1,0,-2,-1,-1,1,0,0.0
3.13,1,0,-1,-1,-4,-4,0,1,0.0
3.1350000000000002,0,0,-3,-2,-2,1,-3,-2,0.0
3.14,-4,0,-2,0,-1,-2,-1,-1,0.0
3.145,-2,-3,0,-2,2,0,3,0,0.0
3.15,-3,0,-3,-2,2,-3,2,-3,0.0
3.1550000000000002,-1,-3,0,0,-2,-1,0,1,0.0
3.16,-1,-4,-1,-4,-2,-1,-3,-1,0.0
3.165,0,0,-2,1,-4,-2,-2,-3,0.0
3.17,-1,-2,0,1,-2,-2,1,1,0.0
3.1750000000000003,-2,-2,-3,-2,1,0,-2,-1,0.0
3.18,-3,-1,-2,2,-1,-1,-2,1,0.0
3.185,1,0,-2,2,-1,0,-2,-2,0.0
3.19,-1,-1,1,-1,-3,-3,-4,2,0.0
3.1950000000000003,-2,1,-2,0,-3,-4,-3,-1,0.0
3.2,-3,1,0,-2,2,0,-1,-1,0.0
3.205,0,0,2,1,0,3,0,0,0.0
3.21,0,-3,-3,-4,-3,-1,1,-2,0.0
3.215,0,-2,2,-4,1,-5,-3,1,0.0
3.22,-3,-1,-1,0,-2,-1,1,-4,0.0
3.225,-2,0,-1,-2,0,-2,-1,0,0.0
3.23,0,0,1,-3,-1,-3,-1,-2,0.0
3.235,-4,-1,-1,-4,-4,-2,-3,-1,0.0
3.24,1,2,-3,0,1,2,-1,-4,0.0
3.245,-3,1,-1,3,0,-1,-3,-2,0.0
3.25,1,-3,-2,-2,-3,-2,1,-1,0.0
3.255,-2,-3,1,1,-2,0,-2,1,0.0
3.2600000000000002,-1,1,-1,-2,1,-1,-2,-2,0.0
3.265,-2,1,-3,-1,0,-1,0,-4,0.0
3.27,1,-4,1,0,-3,-3,-3,0,0.0
3.275,-3,1,-4,-1,4,-3,4,-3,0.0
3.2800000000000002,-2,1,-1,1,-5,2,-2,-1,0.0
3.285,0,-2,-2,-2,-3,-4,-2,0,0.0
3.29,-2,-1,-2,1,0,-2,-4,2,0.0
3.295,-2,-1,-3,-1,0,-1,-4,0,0.0
3.3000000000000003,1,-5,0,-1,-5,-3,1,-1,0.0
3.305,-4,-2,2,-2,1,0,-1,-2,0.0
3.31,-3,-2,-2,2,2,1,-2,-4,0.0
3.315,-1,0,-2,-2,-3,-1,0,-2,0.0
3.3200000000000003,-2,1,1,0,0,0,1,-2,0.0
3.325,-1,1,1,-4,1,0,-1,0,0.0
3.33,0,-1,-2,0,-1,-1,0,-1,0.0
3.335,3,-3,-1,0,-3,-3,-2,-2,0.0
3.34,-1,-2,-1,-1,1,-2,1,-2,0.0
3.345,0,-4,1,0,-2,-1,1,-1,0.0
3.35,-2,2,0,1,-1,1,-2,0,0.0
3.355,1,0,-3,-1,0,1,1,0,0.0
3.36,-1,0,-6,-2,-4,-2,-3,0,0.0
3.365,0,2,-1,1,2,-3,-1,-4,0.0
3.37,-4,-3,-1,-3,-2,-1,0,0,0.0
3.375,-1,1,-2,2,-3,-4,-3,0,0.0
3.38,-1,-1,0,-3,0,1,-2,-4,0.0
3.3850000000000002,-3,-2,-1,-3,-2,2,1,1,0.0
3.39,-1,-3,-2,-2,-2,-2,1,-1,0.0
3.395,-2,-1,-1,-2,-1,2,-1,-1,0.0
3.4,2,-2,-1,-1,-1,-4,-1,0,0.0
3.4050000000000002,-1,-4,-1,-1,-1,0,-1,-1,0.0
3.41,0,1,-2,3,-3,-5,0,1,0.0
3.415,-3,-1,-4,-2,-3,2,-1,0,0.0
3.42,-3,1,0,2,0,-2,-2,-1,0.0
3.4250000000000003,0,-2,-2,2,-3,-4,-1,-2,0.0
3.43,-1,-4,-1,0,0,0,-1,-2,0.0
3.435,-2,0,0,3,-1,0,-2,-1,0.0
3.44,-2,0,2,-1,-2,-2,-2,-5,0.0
3.4450000000000003,0,0,1,-1,-1,-4,-4,2,0.0
3.45,-2,-2,0,-1,-2,3,-4,1,0.0
3.455,0,-3,-1,-2,1,-1,0,-3,0.0
3.46,-1,-4,-4,0,-1,3,1,-1,0.0
3.465,-1,0,-4,-2,-2,-2,-2,-4,0.0
3.47,-1,-2,-2,3,-3,1,-2,0,0.0
3.475,0,-2,0,0,0,-1,-2,-2,0.0
3.48,-2,2,1,2,-2,-2,0,1,0.0
3.485,-1,2,-3,3,0,1,-1,2,0.0
3.49,0,-2,-1,-1,2,0,-1,-3,0.0
3.495,0,-1,1,2,-1,-5,-2,-3,0.0
3.5,-2,2,0,1,2,0,-2,0,0.0
3.505,3,-1,0,-1,-2,-2,2,-2,0.0
3.5100000000000002,1,-2,1,-2,0,-2,1,-1,0.0
3.515,0,-6,2,-2,1,0,0,-1,0.0
3.52,-3,3,-5,-2,-2,-1,-1,-3,0.0
3.525,-1,-1,-3,-3,3,0,1,-1,0.0
3.5300000000000002,-1,1,1,-5,-1,-3,-4,-1,0.0
3.535,-2,-4,-3,-3,-4,0,-1,1,0.0
3.54,-1,-2,-1,0,-1,-2,-1,-1,0.0
3.545,-3,-2,-4,-1,-5,-3,-3,1,0.0
3.5500000000000003,-1,-4,1,-2,-3,1,-1,-3,0.0
3.555,-2,1,-2,0,-4,-1,2,0,0.0
3.56,1,-2,-1,1,3,1,3,2,0.0
3.565,-1,-1,-1,-3,-2,2,-5,2,0.0
3.5700000000000003,-1,-3,-1,-2,-2,-3,1,-1,0.0
3.575,0,-4,-1,-2,0,-2,1,-1,0.0
3.58,-1,-2,-2,-3,-3,-1,0,-1,0.0
3.585,-2,0,0,1,0,-2,-1,-3,0.0
3.59,-2,1,0,-4,-1,1,0,-2,0.0
3.595,-3,-1,-1,-4,-1,0,-1,-3,0.0
3.6,0,-2,-3,-5,-2,-2,-6,2,0.0
3.605,0,-3,0,-3,-2,2,2,1,0.0
3.61,-2,-1,-2,-3,0,-3,-2,-1,0.0
3.615,-1,0,-2,1,-6,-2,-3,0,0.0
3.62,0,-3,-1,-1,3,-4,3,-4,0.0
3.625,-3,1,2,-1,1,1,-4,0,0.0
3.63,-2,-4,-1,-4,-2,-1,0,-1,0.0
3.6350000000000002,-2,0,0,-2,-3,-1,-1,-1,0.0
3.64,-3,1,0,-2,-1,2,1,0,0.0
3.645,-1,-2,-2,-3,1,-1,2,-1,0.0
3.65,0,-2,-1,2,-2,-2,-2,0,0.0
3.6550000000000002,1,0,-2,-3,1,-2,-2,-4,0.0
3.66,-2,-1,-2,1,-3,-1,-3,-3,0.0
3.665,-2,-1,-1,1,1,-1,1,0,0.0
3.67,-3,2,1,1,1,1,1,0,0.0
3.6750000000000003,1,-1,-1,3,-1,0,-1,0,0.0
3.68,-2,-2,-1,1,2,-2,-4,0,0.0
3.685,-3,2,2,2,-2,1,-1,-3,0.0
3.69,0,-2,-3,0,-3,-2,-2,0,0.0
3.6950000000000003,1,-1,0,-4,0,-1,2,-1,0.0
3.7,-2,-3,-3,-1,-2,-1,-1,2,0.0
3.705,-1,-3,-1,-3,-3,1,0,2,0.0
3.71,-2,2,-1,0,-2,-2,-2,-3,0.0
3.715,0,-3,0,2,-1,0,-1,-1,0.0
3.72,0,-1,-1,2,-1,-3,-3,-2,0.0
3.725,0,0,-1,1,-3,-3,-1,-2,0.0
3.73,-3,2,-1,1,-1,-2,-1,-3,0.0
3.735,-4,2,-1,0,0,1,0,0,0.0
3.74,0,-4,0,0,-3,1,3,2,0.0
3.745,1,0,-1,0,-1,-3,-4,-2,0.0
3.75,-4,0,-2,-3,-6,0,-2,-2,0.0
3.755,-4,-2,-1,0,-3,1,-1,-4,0.0
3.7600000000000002,1,-1,-3,-2,-2,-2,-2,0,0.0
3.765,-2,-1,1,-2,1,-5,-5,0,0.0
3.77,-2,0,-4,1,-2,0,1,0,0.0
3.775,1,0,2,-2,-1,-4,0,-2,0.0
3.7800000000000002,0,0,-4,-1,1,1,0,-4,0.0
3.785,-1,-2,-4,0,1,-1,0,-1,0.0
3.79,-3,-2,1,-1,1,1,0,-3,0.0
3.795,1,-2,-1,-2,-1,1,0,-1,0.0
3.8000000000000003,-2,3,1,-1,-2,1,1,1,0.0
3.805,-1,0,-5,-2,0,0,-1,-1,0.0
3.81,-4,0,-2,-1,0,0,0,-2,0.0
3.815,0,-3,-3,-2,-5,-3,-2,-3,0.0
3.8200000000000003,1,-4,1,-1,-1,0,-1,2,0.0
3.825,-1,1,1,-2,1,-4,2,-3,0.0
3.83,1,-4,0,1,-2,1,-1,-2,0.0
3.835,-1,-3,1,0,0,0,-1,2,0.0
3.84,-3,0,1,-3,3,-2,-3,-1,0.0
3.845,-3,-2,-1,1,0,-3,-3,-2,0.0
3.85,0,-4,-1,-2,0,1,0,-2,0.0
3.855,0,-1,-4,-1,0,-4,-1,-2,0.0
3.86,0,-1,0,0,-2,-2,-2,2,0.0
3.865,-1,-1,-2,0,0,-3,1,-2,0.0
3.87,1,-2,0,-1,0,-1,-1,-1,0.0
3.875,-1,-2,-4,-2,-1,-3,1,-2,0.0
3.88,1,-2,-4,3,0,3,0,1,0.0
3.8850000000000002,-1,0,0,-3,-1,4,0,-4,0.0
3.89,2,3,-3,-1,-6,-6,-2,0,0.0
3.895,-1,-2,-4,2,0,-1,-3,-1,0.0
3.9,-3,2,2,-1,-1,-3,-1,-4,0.0
3.9050000000000002,0,-1,-5,1,-3,1,0,1,0.0
3.91,-1,-3,-3,-1,0,-5,0,-1,0.0
3.915,-1,1,2,-5,1,-3,-3,-1,0.0
3.92,-2,-1,1,2,-7,-3,-4,1,0.0
3.9250000000000003,-2,0,1,-2,-2,-2,-3,-1,0.0
3.93,2,0,3,-2,-3,0,-2,-1,0.0
3.935,-3,-1,-2,-1,0,2,2,0,0.0
3.94,1,0,-2,-2,0,-3,1,-1,0.0
3.9450000000000003,-1,1,-2,0,0,-2,-1,1,0.0
3.95,-2,-3,-4,-2,0,-1,-3,-2,0.0
3.955,-2,-1,3,0,1,1,-3,-3,0.0
3.96,-1,1,-5,-1,-2,-1,2,2,0.0
3.9650000000000003,-2,-2,-1,1,-1,0,0,1,0.0
3.97,-2,-3,-2,1,0,-3,1,0,0.0
3.975,-3,-1,-3,-1,1,0,-1,0,0.0
3.98,1,0,-2,-3,-1,-2,0,-4,0.0
3.985,-2,1,-1,1,-4,-2,-5,2,0.0
3.99,-1,-2,-1,3,-5,3,1,-2,0.0
3.995,2,-2,-3,0,0,-4,-2,2,0.0
4.0,-1,-1,-1,1,-2,2,0,-2,0.0
4.005,-1,-1,1,1,-2,1,0,-1,0.0
4.01,0,1,-2,1,-3,0,-1,0,0.0
4.015,-2,-3,-1,-2,0,-1,0,0,0.0
4.0200000000000005,-3,0,0,-1,-2,-1,-5,-2,0.0
4.025,-1,-2,-1,0,3,0,0,-5,0.0
4.03,-2,-1,-2,1,-1,0,1,0,0.0
4.035,-2,-1,-1,0,0,-2,1,-1,0.0
4.04,-1,-1,1,3,2,0,1,-2,0.0
4.045,-2,0,0,0,-2,-1,1,-1,0.0
4.05,-2,-1,-3,0,5,-2,0,0,0.0
4.055,0,0,-3,-2,-5,1,-1,0,0.0
4.0600000000000005,-2,-1,-2,-4,1,-2,-4,-4,0.0
4.065,-2,2,-3,-2,-4,-1,-1,-3,0.0
4.07,-1,0,-1,1,-2,0,0,0,0.0
4.075,-4,-2,0,0,-2,0,-2,-2,0.0
4.08,-1,-2,0,1,0,0,3,-1,0.0
4.085,-1,1,-1,0,-3,-3,-3,0,0.0
4.09,0,-2,0,1,1,-2,1,-2,0.0
4.095,-4,-5,-1,-2,-1,-2,0,-3,0.0
4.1,-2,-3,-1,-6,1,0,1,-1,0.0
4.105,1,2,2,1,1,-1,2,1,0.0
4.11,0,-1,-2,0,-8,-2,0,1,0.0
4.115,1,0,0,-1,2,3,0,-1,0.0
4.12,1,-2,-2,-1,-5,1,-4,-3,0.0
4.125,1,2,-2,0,0,3,-2,1,0.0
4.13,-1,-2,-2,0,-2,-4,-5,0,0.0
4.135,-2,-2,2,-1,1,-3,-2,-2,0.0
4.14,-2,-2,-5,1,-6,0,-1,-1,0.0
4.1450000000000005,-4,-3,-2,-3,4,-2,-2,-4,0.0
4.15,-3,-3,0,-5,3,1,-3,-1,0.0
4.155,-2,-2,-2,-3,-2,-1,-3,-1,0.0
4.16,0,-2,0,3,-4,-3,-1,-2,0.0
4.165,2,-1,-5,0,-2,0,1,-1,0.0
4.17,-3,0,0,1,0,0,2,-1,0.0
4.175,3,2,-2,2,-1,0,-2,0,0.0
4.18,-1,1,-1,-2,-2,-1,-2,0,0.0
4.1850000000000005,0,-3,1,0,1,2,-3,-1,0.0
4.19,-1,0,-2,-1,-1,-4,-1,-1,0.0
4.195,-1,-2,1,-5,-1,-3,-1,-1,0.0
4.2,1,1,1,1,-5,0,-4,0,0.0
4.205,-1,0,-4,-2,-3,-3,0,0,0.0
4.21,0,0,-3,-4,-1,1,-1,-3,0.0
4.215,-1,0,-1,2,-5,0,-3,0,0.0
4.22,-4,-3,-5,-2,0,1,1,-1,0.0
4.225,-3,-1,0,1,0,-2,-2,-1,0.0
4.23,-2,-2,-2,-2,-3,-1,3,-1,0.0
4.235,0,0,3,2,-2,-3,-3,-4,0.0
4.24,-1,-3,2,-2,-5,2,3,-1,0.0
4.245,-1,-2,-1,-3,3,-2,1,-3,0.0
4.25,-1,-2,1,3,-2,-1,-3,-1,0.0
4.255,0,-3,-2,-2,1,0,-1,-1,0.0
4.26,-3,-1,2,-2,-2,0,-3,-1,0.0
4.265,0,0,-1,2,-2,-1,0,-1,0.0
4.2700000000000005,-2,0,-2,-6,-1,-3,0,-3,0.0
4.275,0,0,-4,-3,0,-3,-1,-4,0.0
4.28,-1,-2,1,2,1,-2,-2,-1,0.0
4.285,-2,-6,-4,-4,-2,-1,-1,0,0.0
4.29,-1,-2,1,4,-1,-4,-2,0,0.0
4.295,-3,-2,-1,1,1,0,0,0,0.0
4.3,-3,-2,-2,-2,-1,-3,-2,-3,0.0
4.305,-2,1,0,-1,-3,-1,-1,1,0.0
4.3100000000000005,-1,-2,-3,-3,2,0,0,-4,0.0
4.315,-3,0,-4,0,-2,-2,-1,2,0.0
4.32,-1,-3,-2,0,1,-1,-2,1,0.0
4.325,-3,1,-3,-1,1,0,-1,-1,0.0
4.33,-1,0,-2,-4,-2,-1,4,-1,0.0
4.335,-1,-1,-3,1,-1,-1,-3,-1,0.0
4.34,0,0,0,-1,-3,0,0,0,0.0
4.345,0,-1,-5,1,2,-4,-3,0,0.0
4.3500000000000005,-2,1,-2,-1,-3,-1,2,-2,0.0
4.355,-1,2,3,1,-5,-4,-2,-2,0.0
4.36,-2,-1,1,0,-1,-2,1,-1,0.0
4.365,-2,0,-2,-2,-3,-2,-2,-1,0.0
4.37,-1,-3,0,1,-1,0,1,-2,0.0
4.375,-2,1,-2,0,4,-2,1,-1,0.0
4.38,0,-3,-3,-1,-2,1,1,-2,0.0
4.385,0,-3,2,1,-4,2,-3,-3,0.0
4.39,1,-1,-3,1,0,-5,1,-1,0.0
4.3950000000000005,-1,-5,1,-1,-4,-1,-4,0,0.0
4.4,-2,-1,-2,-1,3,-2,-3,-2,0.0
4.405,2,-1,1,-2,-2,-2,-1,-2,0.0
4.41,-2,-1,0,0,-1,-2,-4,-1,0.0
4.415,-2,-3,-3,-3,-3,-1,-3,0,0.0
4.42,-1,2,-3,5,-3,-2,0,-1,0.0
4.425,1,3,-1,0,0,-5,1,-1,0.0
4.43,-2,-3,-2,-8,0,-1,-3,-3,0.0
4.4350000000000005,-4,-2,-2,-3,2,-2,-1,1,0.0
4.44,-2,-1,-2,3,-2,2,-3,-3,0.0
4.445,-2,-1,0,-5,-2,-4,-1,-1,0.0
4.45,2,0,-1,-2,-3,-4,0,0,0.0
4.455,-2,3,-1,-4,2,-1,-2,-1,0.0
4.46,-3,-1,-2,0,-2,-2,-1,-1,0.0
4.465,-3,-1,-3,1,1,-3,-4,0,0.0
4.47,1,-3,0,0,-3,-1,1,-1,0.0
4.4750000000000005,1,0,1,-2,0,-2,0,-1,0.0
4.48,0,-1,1,-1,1,-2,-1,-1,0.0
4.485,0,-3,-1,-7,11,-24,-4,1,0.0
4.49,2,-3,-2,-2,0,-4,3,4,0.0
4.495,-3,4,-1,-8,-20,16,-2,12,0.0
4.5,-4,-2,-1,4,-58,-7,1,-3,0.0
4.505,-28,-6,-31,15,-28,2,27,-105,0.0
4.51,-19,-8,-20,13,-30,10,17,-90,0.0
4.515,-3,-2,-12,-5,-1,5,1,-33,0.0
4.5200000000000005,5,-1,-14,-5,49,5,-5,1,0.0
4.525,14,0,-12,-4,14,17,-20,62,0.0
4.53,13,5,-11,-7,18,-15,-18,71,0.0
4.535,4,-2,12,11,-36,-5,-5,39,0.0
4.54,7,1,21,9,-38,-31,-10,18,0.0
4.545,1,0,28,-5,-24,-12,0,5,0.0
4.55,1,-1,41,-10,61,0,-2,-4,0.0
4.555,2,-3,31,-19,15,-2,-6,3,0.0
4.5600000000000005,-2,2,35,-10,9,16,0,6,0.0
4.565,4,3,32,0,-10,-19,-1,6,0.0
4.57,0,4,23,-7,-19,-15,1,-5,0.0
4.575,-1,0,11,2,-7,-18,1,-3,0.0
4.58,-3,-1,-2,0,-13,5,2,-6,0.0
4.585,-4,-3,-26,-7,-3,7,-1,-7,0.0
4.59,2,-6,-31,5,-13,3,-2,1,0.0
4.595,-3,0,-35,4,20,7,2,-6,0.0
4.6000000000000005,0,-1,-29,-7,-17,-9,-6,7,0.0
4.605,0,1,-12,4,-12,11,-1,5,0.0
4.61,0,-2,-8,2,-4,13,-4,4,0.0
4.615,-2,-1,-8,-2,7,16,0,-2,0.0
4.62,-3,-3,-2,-2,1,4,0,0,0.0
4.625,-1,1,6,-2,16,6,-3,-2,0.0
4.63,-2,-3,-2,4,-3,2,-1,0,0.0
4.635,-1,-1,-5,-5,2,-12,0,-2,0.0
4.64,-1,-2,9,3,10,4,1,-5,0.0
4.6450000000000005,1,-1,-3,2,8,-1,-2,-5,0.0
4.65,-1,3,-3,-1,-10,-9,1,-1,0.0
4.655,-5,-6,1,6,5,0,1,-6,0.0
4.66,-1,-2,-2,-6,3,1,4,-6,0.0
4.665,-3,-3,4,-3,-1,0,-3,4,0.0
4.67,-3,0,0,0,-2,-2,1,-1,0.0
4.675,0,1,-3,1,3,1,-4,0,0.0
4.68,-3,-2,-2,-5,0,1,-2,-1,0.0
4.6850000000000005,2,2,-1,-12,-8,-4,-8,19,0.0
4.69,11,-1,10,-11,-9,1,-18,55,0.0
4.695,-1,0,-3,10,3,6,2,19,0.0
4.7,-18,-4,-11,13,6,4,20,-75,0.0
4.705,-18,-7,-11,12,6,2,22,-86,0.0
4.71,-13,-4,-9,0,2,0,14,-76,0.0
4.715,-5,-4,0,-6,-1,-3,2,-39,0.0
4.72,2,-3,-4,0,-1,0,-3,-1,0.0
4.7250000000000005,12,0,6,-6,-5,-2,-12,30,0.0
4.73,4,3,5,-3,-3,0,-8,38,0.0
4.735,7,5,0,-6,-4,-3,-10,36,0.0
4.74,6,3,2,-4,-2,-1,-6,41,0.0
4.745,0,0,2,-2,9,-2,-2,3,0.0
4.75,1,-1,-3,-2,-26,-9,-7,0,0.0
4.755,-1,-2,-2,0,-1,0,0,-2,0.0
4.76,-1,0,0,-2,0,-2,-4,-2,0.0
4.765,-1,-3,-3,7,-7,2,-1,-3,0.0
4.7700000000000005,1,0,-1,-1,10,1,-1,1,0.0
4.775,-3,-3,0,-2,5,-1,-2,-4,0.0
4.78,1,-2,0,-2,1,4,7,3,0.0
4.785,2,-2,1,-12,3,-14,-7,0,0.0
4.79,-6,-5,-2,5,34,0,6,-10,0.0
4.795,-3,-1,-3,1,17,-1,5,-5,0.0
4.8,1,-1,-4,-4,-5,1,-2,2,0.0
4.805,0,1,1,0,6,2,3,2,0.0
4.8100000000000005,2,-1,-3,0,-3,-1,0,1,0.0
4.815,1,3,1,-2,-1,3,1,-2,0.0
4.82,-1,-1,-1,0,-4,-7,-9,0,0.0
4.825,-2,1,-3,1,8,2,1,-2,0.0
4.83,-2,1,1,0,-9,-2,1,0,0.0
4.835,0,-4,-2,2,-7,0,0,1,0.0
4.84,1,-1,4,-3,-12,-2,-1,1,0.0
4.845,2,-1,-3,0,-7,0,-4,0,0.0
4.8500000000000005,-5,-1,-2,-1,-5,-2,-3,-5,0.0
4.855,1,3,2,1,-2,-2,0,1,0.0
4.86,-2,-2,1,0,2,0,-4,-1,0.0
4.865,0,0,-4,-2,-10,0,-3,2,0.0
4.87,-1,-3,-1,-1,0,1,4,-1,0.0
4.875,-4,-5,-3,-1,-5,-3,-2,-3,0.0
4.88,-5,-2,-3,1,2,-5,-3,-3,0.0
4.885,-2,0,1,-1,-5,5,-1,2,0.0
4.89,1,0,0,-3,-6,-1,-3,3,0.0
4.8950000000000005,2,1,-2,0,-5,0,-1,-1,0.0
4.9,-1,-1,-2,-1,-4,2,0,-5,0.0
4.905,-2,-1,3,-3,3,-1,1,-6,0.0
4.91,1,2,-3,-2,-1,-1,-3,7,0.0
4.915,-5,-5,-4,-1,-4,-2,-2,5,0.0
4.92,3,-1,0,1,8,2,2,-1,0.0
4.925,-2,-4,-1,0,-5,-2,0,2,0.0
4.93,-8,1,-5,-3,-2,2,0,-13,0.0
4.9350000000000005,-2,0,-4,3,-4,-3,9,1,0.0
4.94,-2,-4,0,-2,-3,-3,-5,4,0.0
4.945,2,0,-4,-1,1,-2,4,11,0.0
4.95,-3,1,4,4,2,-2,0,-17,0.0
4.955,1,-4,-5,-3,-5,0,-4,5,0.0
4.96,5,1,0,4,1,-3,1,6,0.0
4.965,1,5,0,3,3,3,-2,-4,0.0
4.97,2,4,0,-1,-5,2,5,-1,0.0
4.9750000000000005,-6,-2,-3,-2,-4,-3,-10,-16,0.0
4.98,5,1,1,-1,2,1,5,12,0.0
4.985,-3,-1,-1,-2,-3,-6,-2,-2,0.0
4.99,-7,-4,1,-2,-1,-1,-4,-16,0.0
4.995,0,3,0,1,-1,1,-3,-1,0.0
5.0,4,-1,-3,-3,-5,-2,3,20,0.0
5.005,-3,0,-2,-1,0,2,-1,-13,0.0
5.01,1,-2,-1,3,4,-1,-2,5,0.0
5.015,3,-4,-2,0,1,-4,-2,11,0.0
5.0200000000000005,-6,1,-4,-2,-1,0,1,-23,0.0
5.025,-1,-1,-1,-1,-1,-6,1,-2,0.0
5.03,-1,-2,-3,1,1,1,2,-4,0.0
5.035,0,-1,0,-2,0,-2,5,2,0.0
5.04,1,1,-2,-3,0,-2,-6,0,0.0
5.045,-1,-2,-2,0,2,1,-2,2,0.0
5.05,-3,-2,-3,-2,-4,-4,-6,-3,0.0
5.055,0,0,-1,-2,8,2,-2,-7,0.0
5.0600000000000005,-2,-3,0,-3,-23,-8,-7,11,0.0
5.065,3,-1,-1,-1,5,2,3,-4,0.0
5.07,-3,0,-3,2,-2,-4,1,-1,0.0
5.075,0,0,-4,0,1,0,1,-3,0.0
5.08,0,-2,-1,-4,4,3,-2,0,0.0
5.085,1,1,1,5,0,-1,-1,-1,0.0
5.09,-2,-1,-1,-1,3,-1,2,1,0.0
5.095,-6,1,-3,-1,-9,-1,-6,-6,0.0
5.1000000000000005,2,0,1,-2,2,3,1,-2,0.0
5.105,-1,-3,-3,-3,4,-1,1,-1,0.0
5.11,-1,0,-1,0,-7,0,4,1,0.0
5.115,-2,2,0,2,1,-1,-1,0,0.0
5.12,-1,1,1,2,2,1,1,-3,0.0
5.125,-1,-5,-2,-4,-1,0,-6,-3,0.0
5.13,3,-1,-2,-1,-14,-1,0,-5,0.0
5.135,-3,-2,0,-2,-3,-1,-3,-4,0.0
5.14,1,-5,-6,0,4,-1,1,4,0.0
5.1450000000000005,-3,0,-2,0,-5,-4,-1,4,0.0
5.15,-3,0,0,2,7,1,2,-5,0.0
5.155,4,1,2,4,4,-1,0,2,0.0
5.16,-4,-3,-4,-3,-7,-1,1,-1,0.0
5.165,-6,-1,-2,1,-3,-1,-2,-5,0.0
5.17,2,2,2,-1,5,-2,0,1,0.0
5.175,-3,-3,-1,2,-7,-4,-1,-2,0.0
5.18,-2,-3,-2,0,-2,0,-2,-5,0.0
5.1850000000000005,-3,-1,0,0,-1,-1,-1,-1,0.0
5.19,-2,-4,2,-3,0,-2,2,5,0.0
5.195,-1,-1,-2,-3,3,0,1,-3,0.0
5.2,-1,2,0,-1,0,0,-2,-4,0.0
5.205,-4,-1,-3,0,-4,-1,-2,0,0.0
5.21,0,-1,0,-2,-1,-2,0,3,0.0
5.215,0,0,0,0,4,-1,0,-1,0.0
5.22,0,-2,-2,-1,2,-1,1,0,0.0
5.2250000000000005,-3,-1,-2,-1,-1,-1,0,-10,0.0
5.23,1,0,-1,0,5,-1,1,8,0.0
5.235,-2,1,-2,-2,-2,-1,2,-5,0.0
5.24,1,-2,0,2,-5,-1,-2,3,0.0
5.245,-1,1,-1,0,1,-1,0,-6,0.0
5.25,1,-2,-3,2,-1,-1,-3,3,0.0
5.255,1,-2,0,-1,0,0,-1,-1,0.0
5.26,0,-1,0,-3,-3,-1,-2,-2,0.0
5.265,-3,-3,-3,1,-3,0,-4,0,0.0
5.2700000000000005,1,1,-1,1,1,1,-1,-1,0.0
5.275,-1,-2,-3,1,-1,-1,-2,3,0.0
5.28,-1,2,0,-2,3,0,-1,-2,0.0
5.285,1,-2,-1,-4,-3,-4,0,-3,0.0
5.29,-2,-1,1,-1,0,-4,-2,5,0.0
5.295,0,0,0,-1,2,0,0,0,0.0
5.3,2,2,-1,0,0,0,-2,5,0.0
5.305,-1,-5,-3,0,-1,-2,0,-4,0.0
5.3100000000000005,-3,-1,0,-1,0,0,-3,3,0.0
5.315,-1,-4,-4,-2,2,-2,0,-7,0.0
5.32,1,-3,-1,-2,-2,-2,1,8,0.0
5.325,-2,-1,0,-1,0,0,1,1,0.0
5.33,-3,-1,-5,0,0,-2,-1,4,0.0
5.335,0,1,-1,-2,1,-3,-3,-12,0.0
5.34,-12,-1,-2,0,-2,0,-5,-9,0.0
5.345,2,0,3,2,-3,2,1,0,0.0
5.3500000000000005,-2,-2,-3,-1,-1,2,0,-8,0.0
5.355,-4,-1,0,0,-1,-2,0,-2,0.0
5.36,-1,0,3,-5,1,2,1,4,0.0
5.365,-1,1,-1,-2,-2,-9,-2,3,0.0
5.37,1,-2,-2,-1,0,0,-2,-2,0.0
5.375,-2,-3,-4,-5,-1,-2,0,-2,0.0
5.38,0,-4,-1,1,-2,-1,-2,4,0.0
5.385,1,0,-2,0,-11,1,-2,9,0.0
5.39,0,-1,1,1,1,-5,-2,-3,0.0
5.3950000000000005,-2,-7,-1,-4,2,1,2,-1,0.0
5.4,-2,-1,1,-2,-6,-4,-1,-4,0.0
5.405,0,-2,-3,-1,-2,-1,-2,4,0.0
5.41,4,2,-1,-3,-3,-4,-2,0,0.0
5.415,-3,0,0,-1,0,0,-1,-1,0.0
5.42,-1,-1,-5,-1,-5,1,0,-6,0.0
5.425,1,-1,1,1,-2,1,3,3,0.0
5.43,-3,-1,-3,0,1,-1,1,-4,0.0
5.4350000000000005,1,1,-5,1,1,-3,0,1,0.0
5.44,-6,-1,0,1,1,3,-2,2,0.0
5.445,-1,1,3,3,1,-2,-3,-1,0.0
5.45,-4,-4,-3,-2,0,-1,1,-1,0.0
5.455,-2,-1,1,0,0,2,-1,-2,0.0
5.46,1,0,-2,0,3,-3,0,-3,0.0
5.465,-2,-4,-4,-2,-6,-3,0,1,0.0
5.47,-3,-2,3,1,-1,-1,2,-2,0.0
5.4750000000000005,0,2,-2,-1,1,-2,-1,-3,0.0
5.48,-1,0,-3,-1,-2,-3,0,1,0.0
5.485,1,3,-2,-1,10,0,-2,-3,0.0
5.49,2,-2,-1,0,-9,-4,-4,-1,0.0
5.495,0,0,0,2,-4,2,1,2,0.0
5.5,-4,-2,2,2,2,0,1,-14,0.0
5.505,0,-4,0,-3,-4,-1,-4,7,0.0
5.51,-2,2,-3,-1,1,1,0,1,0.0
5.515,-2,0,0,0,-1,0,-5,0,0.0
5.5200000000000005,1,-1,0,-2,-3,0,-2,-2,0.0
5.525,-4,-2,-3,-1,-12,-4,-4,-7,0.0
5.53,1,3,1,-3,-2,1,-3,-3,0.0
5.535,-1,-4,0,0,1,-1,-2,-2,0.0
5.54,3,-2,-1,-1,7,0,2,13,0.0
5.545,0,-1,-2,-3,-26,-5,0,-5,0.0
5.55,0,2,-2,-1,9,-2,-3,9,0.0
5.555,0,-1,-2,0,-1,-4,2,-5,0.0
5.5600000000000005,0,-2,-3,-3,-5,-5,-2,3,0.0
5.565,-5,0,3,0,19,2,-3,-9,0.0
5.57,0,-2,-1,2,6,-2,2,-1,0.0
5.575,2,-2,-1,-1,-15,-2,-7,5,0.0
5.58,-4,-6,-2,1,7,1,1,-6,0.0
5.585,1,-1,2,-4,2,1,-3,-1,0.0
5.59,-2,-1,0,-1,-7,5,-1,-10,0.0
5.595,-1,0,-2,-4,-11,-10,-8,10,0.0
5.6000000000000005,-2,-2,-1,-2,-4,-3,-3,-7,0.0
5.605,-1,2,0,4,21,6,4,-1,0.0
5.61,3,-2,3,-5,-15,-4,-1,-3,0.0
5.615,-2,-7,-7,8,13,5,8,5,0.0
5.62,2,6,-1,0,-14,-1,-7,-3,0.0
5.625,0,-2,-2,-1,6,-1,2,3,0.0
5.63,1,1,2,-3,11,6,4,3,0.0
5.635,1,0,-2,-2,-14,-5,-2,1,0.0
5.64,0,-6,-5,0,-47,-6,-6,2,0.0
5.6450000000000005,-3,-1,2,2,24,1,3,-10,0.0
5.65,0,3,7,2,11,2,7,5,0.0
5.655,-3,-4,-7,1,-6,-4,-9,-4,0.0
5.66,1,5,5,1,20,2,6,7,0.0
5.665,-4,-2,-1,3,-9,-1,-1,-4,0.0
5.67,-2,-2,-1,-1,-3,1,-2,-6,0.0
5.675,2,0,3,-5,-16,-2,-3,2,0.0
5.68,-11,-6,-9,3,61,14,6,-12,0.0
5.6850000000000005,2,-2,-3,-6,-92,-12,-16,4,0.0
5.69,-4,-4,-2,-7,5,-6,-2,-6,0.0
5.695,1,0,1,-1,16,1,0,4,0.0
5.7,-4,1,-4,1,-29,-6,-10,-10,0.0
5.705,4,4,5,-5,-8,3,3,4,0.0
5.71,-4,-1,2,3,-16,-4,3,5,0.0
5.715,-5,-8,-12,-1,5,-2,-11,-11,0.0
5.72,3,3,5,9,21,6,15,1,0.0
5.7250000000000005,1,-1,-1,-2,17,-7,-10,11,0.0
5.73,-2,-1,-4,4,-35,0,-1,-4,0.0
5.735,3,3,7,0,14,0,13,-1,0.0
5.74,-3,-1,-1,-2,-5,-2,-4,-2,0.0
5.745,-4,-6,-6,2,21,-3,-1,-8,0.0
5.75,8,2,10,-5,33,3,8,9,0.0
5.755,-7,-7,-14,5,-23,-3,-7,-10,0.0
5.76,0,2,2,-1,31,6,4,2,0.0
5.765,-2,-1,-6,-2,-44,-11,-13,-3,0.0
5.7700000000000005,-9,-8,-6,5,20,8,0,-9,0.0
5.775,12,13,16,-11,-92,-5,3,22,0.0
5.78,-9,-9,-9,-7,25,-8,-10,-8,0.0
5.785,4,5,8,2,70,12,14,5,0.0
5.79,-5,-7,-12,-5,5,-11,-14,-10,0.0
5.795,8,8,16,-4,-42,-6,4,0,0.0
5.8,-12,-14,-21,2,-15,2,-20,-11,0.0
5.805,8,10,20,0,35,13,26,9,0.0
5.8100000000000005,-6,-9,-23,-1,-28,1,-25,-9,0.0
5.815,-2,-2,2,-1,33,13,15,6,0.0
5.82,4,1,-2,-7,-55,-9,-10,-3,0.0
5.825,-1,-1,1,8,26,12,21,-1,0.0
5.83,11,5,9,-5,-18,-16,-5,19,0.0
5.835,-15,-10,-15,3,44,-21,-18,-27,0.0
5.84,2,3,6,0,-3,2,5,2,0.0
5.845,-9,-8,-11,-5,-21,-6,-11,-9,0.0
5.8500000000000005,4,8,13,-7,11,-1,13,9,0.0
5.855,1,-1,4,-5,15,8,11,11,0.0
5.86,-6,-5,-9,10,13,3,-1,-13,0.0
5.865,-1,-5,-4,-1,9,1,-4,-4,0.0
5.87,4,5,14,1,66,20,28,2,0.0
5.875,-14,-12,-27,12,30,15,-12,-22,0.0
5.88,5,8,13,3,70,22,27,12,0.0
5.885,5,-1,-7,-27,-47,-27,-27,8,0.0
5.89,-18,-8,-19,9,50,19,1,-28,0.0
5.8950000000000005,6,1,9,-5,3,-2,-4,16,0.0
5.9,2,-1,-1,-7,-22,-10,-4,2,0.0
5.905,9,8,21,1,-5,-7,21,15,0.0
5.91,-22,-20,-32,-8,-85,-46,-74,-35,0.0
5.915,0,-1,4,-4,28,2,-1,-11,0.0
5.92,9,4,13,4,21,-1,15,23,0.0
5.925,-2,-5,-8,-20,-74,-36,-36,-6,0.0
5.93,9,6,15,4,30,17,28,23,0.0
5.9350000000000005,-9,-9,-19,0,10,-4,-11,-8,0.0
5.94,-5,-3,-8,-6,-16,-36,-32,-15,0.0
5.945,10,9,25,-1,-14,34,40,27,0.0
5.95,-23,-13,-23,9,23,1,-21,-43,0.0
5.955,2,0,-1,-2,8,4,6,6,0.0
5.96,10,6,11,-21,-80,-23,-5,17,0.0
5.965,-8,-4,-9,4,94,4,-1,-5,0.0
5.97,7,5,17,-15,7,-22,3,8,0.0
5.9750000000000005,-8,-6,-17,-2,-46,-40,-41,-15,0.0
5.98,4,1,5,3,40,8,8,-1,0.0
5.985,3,4,5,12,62,3,10,-1,0.0
5.99,-11,-14,-34,7,-41,15,-23,-12,0.0
5.995,7,9,21,-5,-3,-14,11,17,0.0
6.0,3,0,-4,-1,-5,17,11,3,0.0
6.005,-7,-3,-9,7,6,6,4,-13,0.0
6.01,4,1,8,-1,-48,5,6,13,0.0
6.015000000000001,2,4,3,0,-18,1,10,-1,0.0
6.0200000000000005,2,1,4,-14,-61,-8,-5,11,0.0
6.025,-7,0,2,2,62,17,6,-15,0.0
6.03,15,12,20,-4,53,-6,20,21,0.0
6.035,-9,-10,-14,8,17,23,13,-16,0.0
6.04,-3,1,5,13,100,17,18,-5,0.0
6.045,-4,-7,-12,0,-32,0,-9,-10,0.0
6.05,1,1,2,0,38,-7,5,2,0.0
6.055,-2,3,8,2,28,5,8,5,0.0
6.0600000000000005,0,-1,1,-1,2,-4,5,2,0.0
6.065,-6,-6,-7,6,-15,9,-2,-10,0.0
6.07,3,3,-1,-11,-52,-9,-7,4,0.0
6.075,6,5,12,-6,25,9,14,8,0.0
6.08,-11,-5,-10,6,52,-5,-6,-16,0.0
6.085,-5,-4,-11,2,-1,-8,-19,-7,0.0
6.09,3,-1,6,-3,-47,1,-2,8,0.0
6.095,2,-1,-5,-7,-70,-13,-22,5,0.0
6.1000000000000005,0,-1,-4,-5,-19,-5,-2,3,0.0
6.105,-2,3,5,0,15,-3,5,-10,0.0
6.11,6,2,1,-5,-9,-14,1,13,0.0
6.115,-6,-1,-1,0,22,-4,3,-17,0.0
6.12,-6,-4,-8,-2,17,0,-4,-4,0.0
6.125,-1,1,10,3,51,17,21,-2,0.0
6.13,-18,-15,-28,15,67,8,-11,-21,0.0
6.135,3,-1,7,-2,12,5,-7,7,0.0
6.140000000000001,5,1,5,-9,-62,-6,-10,5,0.0
6.1450000000000005,-4,-6,-11,1,-5,-8,-13,-4,0.0
6.15,1,1,11,-5,-1,7,19,2,0.0
6.155,0,2,1,2,-7,2,4,4,0.0
6.16,-12,-11,-19,14,24,14,-12,-21,0.0
6.165,1,-2,-4,0,-36,-3,-10,9,0.0
6.17,1,2,5,2,-10,-1,1,0,0.0
6.175,0,1,-2,-6,-4,4,2,3,0.0
6.18,1,1,2,-4,-16,0,3,6,0.0
6.1850000000000005,-4,-6,-11,-4,-20,-5,-13,-7,0.0
6.19,3,2,9,-3,-7,10,7,1,0.0
6.195,-2,0,2,-4,9,-3,-1,-1,0.0
6.2,-2,-1,-4,-3,-11,-4,-2,-5,0.0
6.205,-2,0,0,-3,-41,-12,-9,-1,0.0
6.21,-2,2,4,-3,19,-2,3,5,0.0
6.215,-2,-6,-5,-2,-11,-3,-1,-3,0.0
6.22,0,-4,-2,4,7,4,2,1,0.0
6.2250000000000005,2,-1,0,-9,-37,-11,-15,3,0.0
6.23,3,1,3,-3,0,-3,4,7,0.0
6.235,-2,-1,-6,3,22,0,-3,-4,0.0
6.24,-2,-1,-4,-9,-84,-13,-16,-4,0.0
6.245,1,0,-1,5,44,7,8,14,0.0
6.25,-1,-1,3,-1,2,3,0,-3,0.0
6.255,-2,-2,-5,8,-1,-4,-1,-3,0.0
6.26,7,4,11,3,58,9,23,6,0.0
6.265000000000001,-3,-7,-6,2,-12,-4,-1,-11,0.0
6.2700000000000005,-1,0,-3,0,-21,-6,-10,-3,0.0
6.275,4,0,0,-2,-8,-5,-6,3,0.0
6.28,2,1,2,-3,1,-4,-1,2,0.0
6.285,-2,-2,-1,0,-14,-2,0,-3,0.0
6.29,-1,-2,1,-1,15,2,2,1,0.0
6.295,0,-4,-2,1,0,-3,-4,-4,0.0
6.3,-2,-4,-2,1,-12,-13,-8,-3,0.0
6.305,-3,0,0,-1,12,3,-3,-4,0.0
6.3100000000000005,1,-1,-2,6,17,2,4,-4,0.0
6.315,0,-2,-2,-9,-35,-4,-5,4,0.0
6.32,-3,-3,-3,0,40,-4,-3,-3,0.0
6.325,-4,-3,-6,-4,-25,-3,-4,-4,0.0
6.33,1,0,5,1,-1,-4,1,0,0.0
6.335,0,-2,2,-3,-4,-2,-3,2,0.0
6.34,-1,-3,-3,-5,9,-3,-6,-2,0.0
6.345,-1,-2,2,4,13,-2,2,-3,0.0
6.3500000000000005,2,-2,-2,-1,-1,1,2,0,0.0
6.355,-1,-3,-4,1,8,-2,1,-1,0.0
6.36,-3,-2,0,1,-11,3,4,0,0.0
6.365,-1,3,3,0,7,-3,-2,-3,0.0
6.37,-1,0,-8,-5,-8,-7,-3,2,0.0
6.375,-3,-3,-3,3,5,-1,-3,-2,0.0
6.38,-1,-3,-2,-4,-10,0,0,-6,0.0
6.385,-3,-1,0,-3,-3,-2,2,-3,0.0
6.390000000000001,4,-1,1,0,5,-3,2,8,0.0
6.3950000000000005,-2,0,-1,1,3,4,-2,-2,0.0
6.4,0,0,-1,-3,-4,-2,-1,1,0.0
6.405,-3,-3,-3,-4,3,-1,-3,-7,0.0
6.41,-3,0,-3,-3,0,0,-2,-4,0.0
6.415,-3,-2,-2,-2,-3,-2,-2,-1,0.0
6.42,0,1,-2,-1,-9,-1,-4,-1,0.0
6.425,1,-1,-1,1,2,-4,-1,2,0.0
6.43,1,-1,-1,-3,-10,-2,-3,-3,0.0
6.4350000000000005,-5,-2,-3,-2,2,-1,-2,-2,0.0
6.44,-3,4,1,2,0,3,4,-1,0.0
6.445,-3,-3,0,-1,0,-4,-2,2,0.0
6.45,-4,-3,-5,-1,-2,-1,0,-4,0.0
6.455,-1,2,2,1,5,0,3,1,0.0
6.46,-2,-4,-3,-1,-7,-2,-1,-3,0.0
6.465,-1,-2,-5,-3,2,0,0,0,0.0
6.47,-4,-2,0,-3,1,-2,-2,-1,0.0
6.4750000000000005,-1,0,-1,-1,-1,-3,0,-6,0.0
6.48,0,-3,0,0,-4,-2,-3,0,0.0
6.485,1,-1,-3,-2,-5,-2,-1,1,0.0
6.49,-3,-4,-2,0,0,-1,0,-6,0.0
6.495,-2,4,-3,-2,-1,1,0,-8,0.0
6.5,4,-1,-2,0,-6,1,3,18,0.0
6.505,-1,1,-1,2,3,-1,-1,-2,0.0
6.51,-1,-1,-1,-1,-1,-3,-3,-7,0.0
6.515000000000001,-4,-5,-3,1,-2,2,1,0,0.0
6.5200000000000005,-2,0,1,2,-3,-9,-5,-8,0.0
6.525,1,0,-1,-4,2,3,4,3,0.0
6.53,0,-3,-1,0,-6,-3,3,-2,0.0
6.535,-3,-2,3,1,1,-4,-3,-4,0.0
6.54,0,0,-4,0,4,3,2,-1,0.0
6.545,0,-2,0,-4,-3,-8,-6,1,0.0
6.55,0,1,1,1,0,5,0,-1,0.0
6.555,2,-2,-1,-1,-1,-1,-1,6,0.0
6.5600000000000005,-6,-4,-3,2,0,1,-2,-5,0.0
6.565,1,1,-2,-1,2,-13,-9,-1,0.0
6.57,-5,1,-3,-2,-15,0,1,1,0.0
6.575,1,0,-1,-2,6,-1,0,0,0.0
6.58,-3,1,-1,0,1,0,-3,-3,0.0
6.585,2,-1,3,-1,4,4,1,1,0.0
6.59,1,-2,-1,0,1,-4,-2,1,0.0
6.595,-4,-2,-5,0,-1,1,-2,5,0.0
6.6000000000000005,-2,-5,-1,-5,-10,-2,-3,-6,0.0
6.605,-1,-2,-2,2,4,6,3,0,0.0
6.61,-1,-1,0,0,9,7,3,0,0.0
6.615,0,0,-2,-3,-21,-3,1,-5,0.0
6.62,-2,-5,-4,1,8,-4,2,2,0.0
6.625,0,-4,0,-1,-1,-6,-4,-3,0.0
6.63,-2,-1,-1,-1,-3,-2,-1,-4,0.0
6.635,-2,-1,2,2,4,0,-1,8,0.0
6.640000000000001,-2,-1,-1,-6,-5,-3,-7,-4,0.0
6.6450000000000005,0,2,-3,0,2,2,1,1,0.0
6.65,0,0,-2,0,2,-3,2,-5,0.0
6.655,0,2,-2,-1,-6,1,0,1,0.0
6.66,2,4,-2,-1,2,-1,-4,3,0.0
6.665,-2,-3,0,0,-3,-2,0,-4,0.0
6.67,2,-3,-1,1,1,-2,0,3,0.0
6.675,3,-1,0,-3,4,2,-2,1,0.0
6.68,3,3,-3,-3,1,4,-3,0,0.0
6.6850000000000005,-2,1,0,-1,-4,-2,-2,-2,0.0
6.69,-4,-3,-3,-3,0,-5,2,0,0.0
6.695,-1,-3,-1,0,0,8,4,5,0.0
6.7,-3,0,1,0,-3,1,-1,-3,0.0
6.705,-1,-4,-1,1,-1,3,-1,-3,0.0
6.71,-3,0,4,-2,-2,-2,2,-2,0.0
6.715,-1,1,-2,2,-4,-1,1,-2,0.0
6.72,-3,-1,-1,-1,0,5,1,-1,0.0
6.7250000000000005,1,-2,-2,0,-2,0,-2,-1,0.0
6.73,1,1,1,1,-2,0,-2,0,0.0
6.735,-1,-2,-3,-2,1,-4,-3,-3,0.0
6.74,-3,-1,1,3,-5,-5,-3,0,0.0
6.745,0,-3,0,-1,7,0,1,-3,0.0
6.75,1,-3,-1,-2,-5,-1,-5,-2,0.0
6.755,1,0,-2,-2,1,-5,0,0,0.0
6.76,-2,-1,0,-1,2,-2,-3,-1,0.0
6.765000000000001,-4,0,1,1,-10,-3,0,-1,0.0
6.7700000000000005,-3,-1,0,-4,-2,3,-1,-1,0.0
6.775,-1,-2,-3,0,0,0,-3,-1,0.0
6.78,-1,1,-1,-4,-3,0,0,-1,0.0
6.785,-1,1,0,1,-1,-4,0,-2,0.0
6.79,1,-1,1,0,1,2,-2,-2,0.0
6.795,-2,-3,-2,-4,-5,-1,-2,-7,0.0
6.8,-1,-4,-2,0,-6,-5,-3,5,0.0
6.805,-1,0,1,-2,8,3,0,-3,0.0
6.8100000000000005,-3,-1,-3,2,4,-4,3,-2,0.0
6.815,3,-1,2,0,4,5,-1,0,0.0
6.82,-4,-2,1,1,7,-1,-2,-7,0.0
6.825,-1,-1,-4,-5,-3,2,-1,2,0.0
6.83,-2,1,1,-2,1,-4,-1,-5,0.0
6.835,0,-3,-1,-3,2,-1,2,14,0.0
6.84,-1,1,-1,2,-2,-5,-1,-7,0.0
6.845,-1,-1,-1,3,-5,-11,-1,1,0.0
6.8500000000000005,-1,-1,-2,-3,-1,0,-1,-3,0.0
6.855,-2,2,-1,2,0,0,-3,-11,0.0
6.86,0,-3,-3,-2,-6,-2,0,10,0.0
6.865,-1,-1,0,1,-1,-3,3,-3,0.0
6.87,1,0,-2,2,1,-4,-2,3,0.0
6.875,-1,-1,-2,0,-3,-6,-3,-6,0.0
6.88,-4,-2,-4,-1,1,3,-1,1,0.0
6.885,-3,-3,-2,-5,2,1,-4,-1,0.0
6.890000000000001,2,-2,0,-1,-14,-4,1,-1,0.0
6.8950000000000005,-3,2,-1,-1,5,0,2,-1,0.0
6.9,-1,0,-2,0,-8,-3,-1,0,0.0
6.905,-1,-2,-2,0,-1,0,0,-1,0.0
6.91,1,-2,0,2,-1,-2,0,-2,0.0
6.915,-1,2,0,-1,-6,3,-2,-1,0.0
6.92,0,0,-1,0,0,-2,0,3,0.0
6.925,-2,-3,-2,-1,-1,-3,0,-4,0.0
6.93,-4,-2,-3,2,1,1,1,-2,0.0
6.9350000000000005,1,1,0,-2,1,1,-4,-1,0.0
6.94,-3,-2,-4,-7,2,2,-3,-7,0.0
6.945,1,-3,-2,-3,-3,-1,-2,10,0.0
6.95,-5,2,-1,-1,2,-5,-1,-3,0.0
6.955,-1,-3,-2,-3,-9,-1,-3,0,0.0
6.96,2,-1,-3,0,-8,-2,-2,-1,0.0
6.965,-4,-1,-1,0,7,2,0,-4,0.0
6.97,3,-2,-3,-3,0,-1,2,0,0.0
6.9750000000000005,-4,-3,-2,3,-3,3,-1,-10,0.0
6.98,-2,-3,1,-4,15,-2,0,7,0.0
6.985,0,-2,3,0,-5,1,0,-5,0.0
6.99,-3,-2,-3,0,-5,0,-4,-4,0.0
6.995,0,-1,0,1,5,-3,0,0,0.0
7.0,-2,-2,0,2,-1,-1,1,-2,0.0
7.005,-2,-1,1,1,-4,-2,-3,-2,0.0
7.01,0,-3,1,-4,-2,2,-2,3,0.0
7.015000000000001,-2,-2,-4,-3,-4,-2,-1,0,0.0
7.0200000000000005,-1,2,-1,1,3,1,0,-2,0.0
7.025,-2,-2,-2,0,-6,-4,0,-1,0.0
7.03,1,2,-2,1,6,2,3,-1,0.0
7.035,-3,-3,-4,-2,-19,-3,-6,0,0.0
7.04,1,-5,3,0,2,1,0,2,0.0
7.045,-1,0,0,-4,0,-2,-2,-4,0.0
7.05,0,-1,1,-1,2,-1,1,-1,0.0
7.055,0,0,1,-2,-3,-5,-1,2,0.0
7.0600000000000005,-4,0,-6,3,12,0,0,-4,0.0
7.065,2,0,-1,1,4,0,-1,-1,0.0
7.07,-3,0,1,-2,-4,0,-1,1,0.0
7.075,-1,0,-2,-1,-9,-3,-3,-6,0.0
7.08,0,-3,-4,-2,4,-1,-2,7,0.0
7.085,2,-1,2,-1,-4,-2,0,0,0.0
7.09,0,0,-2,-4,-6,-5,-4,0,0.0
7.095,-2,-2,1,2,25,4,6,-2,0.0
7.1000000000000005,1,0,1,-2,-15,-3,0,-5,0.0
7.105,0,1,2,2,5,2,0,4,0.0
7.11,-3,0,-3,-1,-6,-4,-2,0,0.0
7.115,1,-1,-1,-2,-12,-3,0,-2,0.0
7.12,0,-1,-3,-4,18,6,-5,1,0.0
7.125,-2,-2,1,-3,-18,-1,-2,0,0.0
7.13,-4,-4,-5,-1,11,-4,-8,-9,0.0
7.135,2,1,-3,1,4,-2,2,2,0.0
7.140000000000001,-3,0,-1,-1,12,0,4,-5,0.0
7.1450000000000005,-2,0,-3,-5,-13,-7,-8,-2,0.0
7.15,-1,-1,-1,-1,-12,0,-1,-1,0.0
7.155,-1,-3,0,-5,-4,-4,-5,1,0.0
7.16,5,1,1,-2,-10,-3,3,6,0.0
7.165,3,1,2,-2,-5,2,0,6,0.0
7.17,-5,-3,-2,-5,5,-3,-5,-6,0.0
7.175,-1,1,2,-2,1,1,4,0,0.0
7.18,-5,-6,-6,-3,-12,-11,-13,-7,0.0
7.1850000000000005,-4,-2,-4,1,-6,0,0,1,0.0
7.19,5,5,15,-6,2,1,11,12,0.0
7.195,2,2,5,-3,-24,-9,-6,12,0.0
7.2,3,2,0,2,-53,-5,-2,1,0.0
7.205,5,3,1,1,45,-1,-2,3,0.0
7.21,3,6,8,2,-99,-9,-1,-7,0.0
7.215,-8,-9,-11,0,62,7,1,3,0.0
7.22,10,4,12,4,19,6,9,8,0.0
7.2250000000000005,2,-1,-3,-11,-79,-13,-14,10,0.0
7.23,1,-2,-5,-2,47,-7,-4,-1,0.0
7.235,-2,3,4,-3,-15,-2,5,-7,0.0
7.24,-4,1,3,-13,1,-6,-8,-6,0.0
7.245,-6,-1,-2,12,106,16,25,-14,0.0
7.25,-5,-9,-9,-6,14,-7,-11,6,0.0
7.255,-1,5,3,-2,32,3,1,-7,0.0
7.26,0,-5,-6,-13,-69,-11,-20,5,0.0
7.265000000000001,-4,3,9,9,74,10,23,-13,0.0
7.2700000000000005,8,2,7,4,54,9,10,15,0.0
7.275,1,-4,-6,6,-33,3,1,5,0.0
7.28,-9,-5,-5,7,109,2,3,-13,0.0
7.285,0,-1,-5,-8,-128,-28,-25,-2,0.0
7.29,-5,-4,-3,-7,30,1,2,-3,0.0
7.295,6,3,15,4,108,16,29,-1,0.0
7.3,-19,-20,-35,5,-29,-9,-21,-14,0.0
7.305,10,9,17,-17,-52,-17,-10,11,0.0
7.3100000000000005,2,-1,-10,-8,-39,-1,-11,2,0.0
7.315,6,3,12,7,12,8,18,14,0.0
7.32,2,4,2,-7,-31,-2,0,3,0.0
7.325,-5,-7,-10,9,69,6,10,4,0.0
7.33,6,5,15,10,-43,-19,5,9,0.0
7.335,-13,-12,-34,-14,-109,-16,-63,-27,0.0
7.34,-3,2,7,7,25,8,16,-10,0.0
7.345,17,12,18,-10,14,18,20,31,0.0
7.3500000000000005,-6,-2,1,-4,-26,7,8,-16,0.0
7.355,-12,-7,-17,15,28,-6,-12,-20,0.0
7.36,-2,-2,2,-1,9,-7,-9,3,0.0
7.365,11,10,13,-19,-111,-20,-5,15,0.0
7.37,-10,-14,-14,-12,65,-14,-36,-18,0.0
7.375,4,9,13,5,-55,-7,7,-3,0.0
7.38,-1,-4,-11,-8,-99,-6,-26,8,0.0
7.385,9,8,19,11,70,7,28,9,0.0
7.390000000000001,10,1,-5,1,-62,4,-3,6,0.0
7.3950000000000005,-17,-7,-20,-5,13,8,-25,9,0.0
7.4,0,0,5,9,22,9,11,-14,0.0
7.405,15,5,13,-20,-104,-39,-15,30,0.0
7.41,48,2,-11,-4,-37,20,18,3,0.0
7.415,-62,0,17,-8,73,18,29,10,0.0
7.42,0,-8,6,-17,24,-12,-18,-6,0.0
7.425,-24,-13,-22,8,105,10,9,-42,0.0
7.43,15,7,14,10,85,0,28,3,0.0
7.4350000000000005,26,3,-3,-15,-98,-21,-8,-13,0.0
7.44,-2,15,19,9,118,17,42,26,0.0
7.445,-26,-25,-32,-12,-45,-26,-64,-31,0.0
7.45,12,-8,-10,5,96,20,-5,-11,0.0
7.455,1,7,14,10,26,13,28,5,0.0
7.46,-1,-1,-6,5,21,-1,-5,-10,0.0
7.465,-6,-1,-17,7,21,35,15,-6,0.0
7.47,-27,-9,-18,-1,-4,-4,-9,-4,0.0
7.4750000000000005,4,-5,3,4,4,-7,-3,-12,0.0
7.48,13,7,12,-8,-2,14,26,17,0.0
7.485,-18,-10,-17,4,-20,-5,-29,-32,0.0
7.49,-12,4,14,6,-13,0,11,4,0.0
7.495,17,1,9,-23,-30,-16,-5,23,0.0
7.5,1,-5,-18,-1,22,-15,-5,-10,0.0
7.505,14,0,8,4,49,3,12,7,0.0
7.51,-9,-5,-29,10,-50,2,-25,-11,0.0
7.515000000000001,12,0,0,2,39,7,1,2,0.0
7.5200000000000005,-30,2,8,5,24,3,13,6,0.0
7.525,23,6,2,3,6,-3,-5,3,0.0
7.53,-18,-11,-13,20,44,-5,-10,-39,0.0
7.535,6,-1,-15,14,7,1,-12,15,0.0
7.54,-9,3,4,0,-14,11,4,-22,0.0
7.545,15,10,9,2,-39,-4,-3,25,0.0
7.55,-23,-16,-28,-14,-95,-8,-38,-10,0.0
7.555,3,5,17,5,73,7,23,-5,0.0
7.5600000000000005,8,6,13,-3,-1,-11,-3,11,0.0
7.565,-14,-10,-20,-3,7,-6,-18,-5,0.0
7.57,18,8,21,-2,8,-3,17,17,0.0
7.575,-13,-8,-14,18,25,20,7,-19,0.0
7.58,1,-5,-13,-17,-83,-7,-24,-3,0.0
7.585,-5,-2,-2,-9,2,-4,-1,-16,0.0
7.59,17,12,26,7,103,14,30,23,0.0
7.595,-3,-6,-14,5,-41,6,-2,5,0.0
7.6000000000000005,1,-3,11,-4,55,-7,5,5,0.0
7.605,-21,-15,-36,2,-56,-28,-43,-45,0.0
7.61,7,8,20,-7,-12,-4,18,17,0.0
7.615,0,-1,5,-8,-23,-11,-10,1,0.0
7.62,0,0,9,11,35,-3,10,1,0.0
7.625,-1,-8,-4,-3,37,0,2,9,0.0
7.63,-5,-1,-6,-1,-57,-13,-7,-12,0.0
7.635,4,10,11,2,49,1,13,2,0.0
7.640000000000001,6,-4,-2,2,-13,6,2,19,0.0
7.6450000000000005,-4,4,9,10,84,12,19,-13,0.0
7.65,-9,-13,-32,8,-6,14,-25,-12,0.0
7.655,-3,-4,-5,-8,23,3,1,10,0.0
7.66,-1,4,0,1,-40,-6,-2,-13,0.0
7.665,-5,-5,-6,-4,-17,2,-12,6,0.0
7.67,-6,-7,-6,-2,-33,7,-16,-12,0.0
7.675,3,0,4,0,50,8,7,-5,0.0
7.68,-7,2,-8,1,-4,0,-4,8,0.0
7.6850000000000005,0,-5,-6,-4,-50,17,-3,-7,0.0
7.69,4,1,3,-12,-1,-15,-4,11,0.0
7.695,-5,2,10,-4,64,-4,16,-9,0.0
7.7,-5,-7,-16,5,33,-5,-5,-3,0.0
7.705,4,1,2,-7,-20,-8,-4,2,0.0
7.71,5,3,9,1,7,-3,9,12,0.0
7.715,-4,-3,-7,-4,-42,-4,-8,-6,0.0
7.72,2,3,3,-5,11,1,4,2,0.0
7.7250000000000005,1,2,1,-5,-39,1,-2,3,0.0
7.73,-4,-2,2,1,19,9,8,-6,0.0
7.735,8,8,19,-3,17,5,19,12,0.0
7.74,-16,-18,-24,5,91,-2,-17,-22,0.0
7.745,8,5,1,-3,37,-9,-2,11,0.0
7.75,-3,-5,-13,-7,-46,-7,-12,-7,0.0
7.755,2,3,11,-4,-16,-3,-1,5,0.0
7.76,0,-2,2,-6,-55,-7,-4,7,0.0
7.765000000000001,-2,-3,0,5,13,3,10,-6,0.0
7.7700000000000005,-2,1,1,4,24,5,9,2,0.0
7.775,0,0,-3,-5,-38,-18,-10,1,0.0
7.78,0,-2,-3,-4,27,5,2,2,0.0
7.785,-2,-3,2,3,30,-10,-1,-10,0.0
7.79,-5,5,6,-5,-18,-2,0,-1,0.0
7.795,-5,-7,-8,-3,-18,-12,-12,0,0.0
7.8,4,7,10,-7,-37,-7,-1,8,0.0
7.805000000000001,1,-2,1,2,14,4,4,3,0.0
7.8100000000000005,1,-1,1,3,10,-8,3,-3,0.0
7.815,-1,-1,-5,0,-3,2,-5,-1,0.0
7.82,-6,-5,-3,-1,-9,-4,-5,-8,0.0
7.825,0,-1,2,2,-10,2,2,1,0.0
7.83,0,-1,-1,3,-4,-12,-10,-6,0.0
7.835,-6,-4,-8,-1,-10,-4,-6,-3,0.0
7.84,1,-3,0,-6,-30,0,-4,-1,0.0
7.845,-1,-1,1,-2,1,2,1,3,0.0
7.8500000000000005,0,1,2,-5,0,-3,3,1,0.0
7.855,-3,-4,-5,-4,-4,2,2,-1,0.0
7.86,0,-2,2,3,-7,-4,-3,-2,0.0
7.865,3,0,0,1,9,0,0,-9,0.0
7.87,2,-3,-1,1,5,1,-3,12,0.0
7.875,0,-4,-5,-3,-14,1,-5,13,0.0
7.88,-11,-3,-4,-6,-17,-6,-7,-26,0.0
7.885,1,-4,-4,1,-3,-3,1,1,0.0
7.890000000000001,-1,1,2,1,-2,-3,3,-3,0.0
7.8950000000000005,5,2,-3,2,-1,0,-4,-8,0.0
7.9,-3,-1,-1,-3,-16,-4,-4,9,0.0
7.905,-6,-3,-1,-4,2,-1,-2,-13,0.0
7.91,-6,-3,-3,1,7,0,3,-6,0.0
7.915,-2,-4,-1,0,-1,2,1,1,0.0
7.92,1,2,2,4,8,-2,-2,-5,0.0
7.925,2,-4,-5,-5,-21,-1,-5,9,0.0
7.930000000000001,-3,-6,-6,1,1,-1,0,1,0.0
7.9350000000000005,1,-2,0,6,0,3,2,5,0.0
7.94,2,-1,-1,3,-8,-5,1,0,0.0
7.945,-2,1,4,3,5,-1,-1,0,0.0
7.95,1,3,1,-4,-1,2,2,-5,0.0
7.955,-7,-1,-3,-2,-9,-5,-6,-4,0.0
7.96,1,3,-4,-3,2,3,1,4,0.0
7.965,0,-1,-1,1,3,-1,0,5,0.0
7.97,-1,0,1,-3,-4,-1,-4,-1,0.0
7.9750000000000005,-2,0,-3,0,-3,-1,-4,-8,0.0
7.98,2,0,1,-1,-3,-2,0,7,0.0
7.985,-3,1,-4,-2,-2,-2,2,-8,0.0
7.99,1,-3,-2,-2,0,2,1,9,0.0
7.995,-1,-3,1,2,0,-5,-2,-4,0.0
8.0,2,-1,-2,-3,-3,-1,-1,-2,0.0
8.005,-1,-2,-2,1,0,0,0,0,0.0
8.01,1,-3,-1,0,1,-4,0,-5,0.0
8.015,1,1,1,-6,0,1,0,-1,0.0
8.02,-1,-5,-2,-1,-14,-5,-1,3,0.0
8.025,0,0,-1,-3,-1,-2,0,0,0.0
8.03,-1,-1,-3,3,10,3,0,-3,0.0
8.035,2,-2,-2,-2,-11,0,-6,-1,0.0
8.040000000000001,-6,-3,-4,-3,5,1,1,-2,0.0
8.045,-5,-3,1,-4,-1,4,-5,-3,0.0
8.05,1,0,0,-1,-4,1,2,0,0.0
8.055,-2,1,1,0,1,5,4,-3,0.0
8.06,3,-2,1,0,0,2,-4,0,0.0
8.065,0,-1,-3,-4,0,-3,1,2,0.0
8.07,-3,2,-1,-3,-1,0,0,-3,0.0
8.075,-3,-5,0,-1,2,-3,-2,-5,0.0
8.08,-1,0,3,-3,-2,1,-2,1,0.0
8.085,-1,-4,0,0,5,1,0,2,0.0
8.09,-2,1,0,-1,-12,-2,-4,-4,0.0
8.095,-1,0,-1,-4,-4,0,2,0,0.0
8.1,-1,1,0,0,-1,-3,-1,1,0.0
8.105,0,-1,-4,-2,-7,2,-1,8,0.0
8.11,-1,-3,-5,4,3,0,-1,-7,0.0
8.115,-4,0,-1,-2,3,2,0,8,0.0
8.120000000000001,-1,-3,-1,3,1,-2,0,-1,0.0
8.125,0,4,0,0,-9,2,-5,-5,0.0
8.13,4,1,-3,2,6,-7,-3,-1,0.0
8.135,0,-2,-2,2,-7,-4,-2,-3,0.0
8.14,1,-3,0,-4,1,-18,-6,2,0.0
8.145,-4,-2,-1,-1,5,0,0,-1,0.0
8.15,0,1,-1,0,-16,-1,0,-1,0.0
8.155,-1,-3,-3,-1,11,-1,1,-4,0.0
8.16,-3,0,2,-2,-6,0,-4,-2,0.0
8.165000000000001,1,2,-1,0,-2,-7,-5,0,0.0
8.17,-3,0,1,0,0,6,3,-4,0.0
8.175,-3,-1,-1,2,-1,-6,-2,-4,0.0
8.18,-2,-3,-2,-4,1,0,3,3,0.0
8.185,1,-1,0,0,-3,-1,-4,3,0.0
8.19,-3,-3,-1,0,3,6,-1,-5,0.0
8.195,0,-2,0,0,0,-8,-1,-1,0.0
8.2,0,2,-1,-2,1,0,-1,-2,0.0
8.205,-3,-6,-1,0,7,0,2,-5,0.0
8.21,-3,-2,-3,-2,-4,-2,-4,4,0.0
8.215,-4,0,1,1,3,1,-1,-4,0.0
8.22,0,-1,1,-2,-4,-4,0,2,0.0
8.225,-1,0,-2,-3,-7,-1,2,-5,0.0
8.23,-4,0,-2,-1,2,0,-2,1,0.0
8.235,-1,-1,-2,0,-1,-6,-3,5,0.0
8.24,2,-2,-1,-4,-2,2,-2,-2,0.0
8.245000000000001,-1,0,0,-1,2,2,0,2,0.0
8.25,1,-1,-1,2,3,-3,-1,-3,0.0
8.255,-1,-1,-1,-2,-6,-1,0,-3,0.0
8.26,-1,0,-1,-5,1,1,-1,-2,0.0
8.265,1,-1,1,-2,-4,-3,-5,2,0.0
8.27,0,-5,-2,0,6,1,-1,-2,0.0
8.275,-1,-1,0,2,-6,1,-2,-2,0.0
8.28,0,-3,1,1,2,-1,0,4,0.0
8.285,2,-2,-3,-1,-5,-4,-1,-3,0.0
8.290000000000001,-1,-1,2,-2,4,4,-1,0,0.0
8.295,2,-2,-2,-1,4,1,0,0,0.0
8.3,0,-1,1,-1,-10,1,0,0,0.0
8.305,1,0,-2,-2,-3,-4,0,-2,0.0
8.31,0,-1,-1,-2,-4,1,1,2,0.0
8.315,0,1,-2,-2,0,4,-7,-4,0.0
8.32,-2,-1,-1,0,1,3,3,-3,0.0
8.325,2,0,0,-2,0,3,-2,1,0.0
8.33,0,-1,-3,3,-1,-6,-2,-3,0.0
8.335,-3,-3,2,-1,-1,-1,-2,-1,0.0
8.34,-1,-1,-1,-1,-2,1,1,-4,0.0
8.345,0,-2,2,-2,0,2,-2,0,0.0
8.35,-9,-2,-5,-1,2,1,-4,-10,0.0
8.355,-1,-1,-2,-2,1,2,2,0,0.0
8.36,-4,-2,-3,-1,-3,-4,-5,0,0.0
8.365,2,0,-2,-3,3,-2,0,-1,0.0
8.370000000000001,2,-1,-3,-3,-5,-1,1,1,0.0
8.375,2,1,0,-2,5,1,0,2,0.0
8.38,-3,-2,-2,-2,-6,2,-2,-4,0.0
8.385,-2,-3,0,1,2,-4,0,-3,0.0
8.39,-2,1,-3,2,0,-2,-3,-6,0.0
8.395,-2,-2,-3,1,-2,-4,0,7,0.0
8.4,2,-2,0,-3,5,-4,-5,-1,0.0
8.405,-4,-3,-1,-1,-4,-1,-2,0,0.0
8.41,-1,-2,0,0,-3,-5,1,-5,0.0
8.415000000000001,2,-2,-3,0,-3,-4,-2,8,0.0
8.42,0,-6,-1,-2,1,0,-2,-3,0.0
8.425,-1,1,-3,-3,-1,-1,-1,-5,0.0
8.43,-3,-3,0,3,-4,3,-1,2,0.0
8.435,-3,-2,-4,-5,-7,-3,-3,-7,0.0
8.44,3,1,1,-1,0,-1,-1,13,0.0
8.445,0,1,-2,3,2,0,-2,-6,0.0
8.45,-1,-3,-3,-3,-12,1,-6,6,0.0
8.455,-7,-2,-1,-2,0,0,1,2,0.0
8.46,-1,-3,1,3,2,-2,-1,-12,0.0
8.465,7,1,-1,-1,4,0,5,10,0.0
8.47,-7,2,-1,-2,1,-3,-1,0,0.0
8.475,-5,-4,-5,3,-22,-4,-6,-8,0.0
8.48,-1,0,1,1,5,-2,-2,-3,0.0
8.485,1,-4,-2,-2,8,1,2,10,0.0
8.49,-1,0,-2,-3,3,-4,-1,-2,0.0
8.495000000000001,1,-1,-5,-4,-24,-6,-8,-6,0.0
8.5,-1,0,4,2,2,0,1,1,0.0
8.505,-5,-3,0,1,0,-3,-1,-18,0.0
8.51,0,-2,-3,-1,6,1,1,-3,0.0
8.515,1,-3,1,2,12,-1,2,7,0.0
8.52,-3,-1,-7,-2,-19,-4,-2,-7,0.0
8.525,3,1,-3,1,11,-1,2,2,0.0
8.53,-2,0,0,2,3,-1,2,1,0.0
8.535,2,-2,-1,-4,-3,-1,-1,-1,0.0
8.540000000000001,2,0,1,8,9,-4,-1,-9,0.0
8.545,-1,-3,-1,-4,-5,3,-4,10,0.0
8.55,-8,-4,-4,5,8,3,2,-7,0.0
8.555,-1,2,1,-1,-11,-2,-2,8,0.0
8.56,-4,0,-4,-2,-4,2,-2,-2,0.0
8.565,0,5,0,-5,-37,-4,-4,-5,0.0
8.57,-1,-2,-3,-2,10,5,2,2,0.0
8.575000000000001,-5,-5,-5,-2,-11,-9,-12,-17,0.0
8.58,2,0,1,2,-7,2,3,3,0.0
8.585,0,1,3,2,54,7,7,-6,0.0
8.59,6,5,7,-9,-46,-9,-3,11,0.0
8.595,-5,-8,-14,3,32,4,-2,-8,0.0
8.6,2,6,8,1,18,5,11,3,0.0
8.605,2,2,5,-7,-23,2,-3,2,0.0
8.61,-11,-9,-12,-6,15,-13,-13,-17,0.0
8.615,-3,-1,3,1,44,-8,4,-2,0.0
8.620000000000001,3,1,0,11,12,17,13,1,0.0
8.625,-3,-1,-2,-5,29,-20,-18,-14,0.0
8.63,-4,-4,-7,-3,-43,2,-7,3,0.0
8.635,11,7,12,6,32,3,20,10,0.0
8.64,4,3,8,1,4,6,15,18,0.0
8.645,-12,-6,-19,-10,-109,-10,-31,-20,0.0
8.65,-4,2,5,-1,79,12,9,-9,0.0
8.655,-2,-5,-9,-1,63,-10,-6,-6,0.0
8.66,-6,-5,-10,-2,-72,-10,-10,-7,0.0
8.665000000000001,-6,0,5,-3,70,3,0,-8,0.0
8.67,5,5,7,2,33,-13,2,9,0.0
8.675,-6,1,2,11,65,8,4,-9,0.0
8.68,3,0,4,4,32,2,2,3,0.0
8.685,4,-4,-4,0,-76,-8,0,6,0.0
8.69,1,2,4,4,23,15,13,-5,0.0
8.695,8,4,7,-9,-16,25,22,21,0.0
8.700000000000001,-20,-10,-16,0,-14,-36,-38,-40,0.0
8.705,-1,-7,-10,-9,-4,-9,-11,4,0.0
8.71,0,-1,-8,3,-1,12,6,5,0.0
8.715,-3,-4,-4,-2,-68,3,-7,-4,0.0
8.72,-2,3,13,-13,-76,-33,-28,-8,0.0
8.725,5,-2,-6,-14,-28,-6,-16,0,0.0
8.73,-2,5,13,5,49,6,23,-3,0.0
8.735,-4,3,5,5,34,-2,1,1,0.0
8.74,-1,-2,-1,-5,-31,-3,-10,-3,0.0
8.745000000000001,-5,-2,-5,7,48,17,17,-4,0.0
8.75,10,1,5,6,-16,-9,3,17,0.0
8.755,2,3,3,-19,-70,-24,-17,-4,0.0
8.76,-2,0,-4,4,33,-2,6,-4,0.0
8.765,-3,-5,-3,-16,-30,-21,-20,-5,0.0
8.77,3,4,5,5,-7,9,9,6,0.0
8.775,-9,-4,-9,14,14,25,3,-7,0.0
8.78,1,-2,0,7,18,7,13,3,0.0
8.785,-8,-10,-17,2,-27,-10,-23,-16,0.0
8.790000000000001,6,3,5,0,21,11,13,15,0.0
8.795,-11,-9,-22,7,32,12,-3,-19,0.0
8.8,6,2,10,2,25,-4,8,0,0.0
8.805,4,-2,-4,-19,-92,-8,-15,7,0.0
8.81,-3,1,-2,5,62,-6,-3,-10,0.0
8.815,1,4,12,2,22,2,8,4,0.0
8.82,7,3,3,0,-66,-22,-11,11,0.0
8.825000000000001,5,4,5,4,-26,6,9,10,0.0
8.83,-2,1,7,-4,12,2,7,-12,0.0
8.835,-10,-5,-12,-3,-47,-16,-19,-21,0.0
8.84,1,1,9,-2,55,7,18,2,0.0
8.845,4,7,9,-8,28,0,16,10,0.0
8.85,-7,-5,-17,-6,16,-15,-27,-9,0.0
8.855,1,0,-1,5,-9,7,5,-2,0.0
8.86,2,2,4,-1,20,-7,-1,2,0.0
8.865,-5,-4,-2,-2,16,-3,-1,-10,0.0
8.870000000000001,2,0,-4,-6,16,11,0,5,0.0
8.875,1,-3,-4,1,-3,1,-4,0,0.0
8.88,-1,1,-1,0,8,3,1,-3,0.0
8.885,1,-3,-2,1,-8,1,4,-1,0.0
8.89,-2,-2,-5,1,14,1,4,-1,0.0
8.895,2,-2,2,1,2,-1,1,3,0.0
8.9,-4,-1,-1,1,-1,-4,-4,-3,0.0
8.905,-4,0,-1,1,-1,2,-13,-1,0.0
8.91,0,-1,0,0,3,0,-23,-8,0.0
8.915000000000001,-3,-1,-2,1,-7,1,0,-3,0.0
8.92,0,0,-3,0,1,-1,6,0,0.0
8.925,1,-4,0,-1,1,-2,8,2,0.0
8.93,1,-4,-2,-2,-6,-1,14,10,0.0
8.935,-8,-4,0,-3,0,-2,-3,-37,0.0
8.94,3,0,-2,-2,1,-1,5,20,0.0
8.945,0,-1,0,1,1,-1,-5,-22,0.0
8.950000000000001,1,-4,-2,1,1,0,8,13,0.0
8.955,-1,-2,1,2,0,8,0,-5,0.0
8.96,-2,-2,-3,0,-4,-6,-2,1,0.0
8.965,-2,-2,-1,-1,-2,-1,-4,-2,0.0
8.97,-1,-2,-1,1,-5,-5,2,4,0.0
8.975,3,-2,-2,-1,2,1,2,17,0.0
8.98,-6,2,-1,1,-2,1,-1,-12,0.0
8.985,0,-4,-1,-1,-5,-2,0,3,0.0
8.99,0,0,-1,3,2,-4,0,-2,0.0
8.995000000000001,-3,-4,0,-1,7,1,2,-4,0.0
9.0,-10,-1,0,-6,-5,-1,-5,-20,0.0
9.005,-3,-2,-3,-1,9,1,-2,-6,0.0
9.01,0,2,0,-1,-3,-3,-1,6,0.0
9.015,2,1,-3,-5,-5,-3,1,-3,0.0
9.02,0,-1,0,-3,2,-5,-4,-3,0.0
9.025,7,0,1,-4,-4,-3,2,17,0.0
9.03,-13,-1,-4,-2,2,-4,-5,-32,0.0
9.035,-1,1,-1,-1,-1,-8,-5,4,0.0
9.040000000000001,3,1,0,3,-20,7,7,7,0.0
9.045,-11,-11,-14,2,-61,-11,-19,-12,0.0
9.05,7,1,4,-11,23,2,-5,7,0.0
9.055,-3,-9,-8,8,13,1,-4,3,0.0
9.06,-3,3,7,-2,22,13,15,-1,0.0
9.065,4,2,-2,-16,-77,-19,-18,2,0.0
9.07,0,3,4,6,72,6,18,15,0.0
9.075000000000001,-2,-4,-6,-8,81,5,9,-5,0.0
9.08,8,5,14,4,41,-3,13,29,0.0
9.085,2,4,7,-1,-13,20,12,7,0.0
9.09,-17,-18,-27,-6,-63,-16,-40,-18,0.0
9.095,7,13,20,10,16,7,28,-11,0.0
9.1,3,-2,2,-9,-36,-4,-6,7,0.0
9.105,0,0,1,-5,-16,-4,-6,-4,0.0
9.11,9,4,5,-7,-21,8,11,20,0.0
9.115,-3,-2,0,5,113,3,5,-25,0.0
9.120000000000001,-12,-6,-11,3,-33,-7,-4,-2,0.0
9.125,0,8,8,7,20,8,11,-3,0.0
9.13,-5,-3,-4,-6,-18,-2,-12,-14,0.0
9.135,9,7,15,5,24,3,26,4,0.0
9.14,-3,-3,-1,13,61,17,0,-5,0.0
9.145,-18,-10,-14,-2,-27,-19,-26,-41,0.0
9.15,7,-1,-1,-8,13,-5,3,16,0.0
9.155,1,7,20,0,74,20,35,12,0.0
9.16,-5,-4,-9,2,-33,8,0,-12,0.0
9.165000000000001,-3,-6,-11,2,-7,-6,-8,4,0.0
9.17,-3,-5,-7,-2,-28,-13,-11,-7,0.0
9.175,-4,-4,-7,3,-6,-10,-8,-6,0.0
9.18,1,-2,0,0,7,2,6,6,0.0
9.185,3,5,6,6,33,7,14,1,0.0
9.19,-6,-7,-16,5,-13,-16,-28,-14,0.0
9.195,-7,-7,-16,0,-82,-3,-20,-16,0.0
9.200000000000001,5,7,14,1,80,11,15,10,0.0
9.205,-7,-2,-4,-6,-41,-2,-9,-6,0.0
9.21,6,2,6,5,27,1,5,1,0.0
9.215,2,1,0,-4,-40,-10,-7,1,0.0
9.22,-1,3,0,-5,-49,5,1,-1,0.0
9.225,2,2,4,-9,-16,1,-1,1,0.0
9.23,-9,-8,-10,4,20,0,1,-8,0.0
9.235,-1,2,1,-5,4,-5,1,2,0.0
9.24,-2,-4,-3,-7,-13,1,-3,1,0.0
9.245000000000001,-7,-3,0,-1,0,2,0,-3,0.0
9.25,-3,0,0,-3,4,-1,-3,-4,0.0
9.255,-3,0,-3,-1,-1,2,1,-5,0.0
9.26,-2,1,0,0,-3,0,-1,-4,0.0
9.265,0,-6,-2,-1,4,-1,3,1,0.0
9.27,3,1,-1,1,2,1,0,3,0.0
9.275,-2,3,1,1,-4,-2,-1,3,0.0
9.28,2,1,2,-1,4,0,1,-3,0.0
9.285,1,3,0,-1,-5,-1,-3,1,0.0
9.290000000000001,-3,-1,-1,-4,5,2,-1,-5,0.0
9.295,1,2,3,11,60,17,16,7,0.0
9.3,0,-3,-3,-8,-80,-9,-8,6,0.0
9.305,-1,-7,-4,-4,50,-4,-3,-7,0.0
9.31,9,7,14,8,99,16,26,17,0.0
9.315,-22,-16,-35,-20,-100,-35,-47,-36,0.0
9.32,8,7,15,-1,89,8,19,14,0.0
9.325000000000001,0,1,2,-1,31,-10,-7,-7,0.0
9.33,-7,-8,-9,4,58,13,3,11,0.0
9.335,-6,-4,-8,13,10,19,8,-8,0.0
9.34,17,12,25,-13,-32,2,23,33,0.0
9.345,-14,-14,-32,-3,-72,-35,-66,-33,0.0
9.35,7,13,20,31,115,50,68,7,0.0
9.355,4,3,-1,-26,-88,-31,-31,8,0.0
9.36,-11,-7,-5,2,87,16,5,-17,0.0
9.365,-2,0,8,-7,57,20,28,-4,0.0
9.370000000000001,1,-10,-27,-7,-52,24,-27,15,0.0
9.375,-18,-12,-20,-1,3,-23,-22,-26,0.0
9.38,7,2,9,-9,7,-34,-10,0,0.0
9.385,-15,-18,-35,16,54,-16,-30,-25,0.0
9.39,-4,3,3,3,7,11,9,-2,0.0
9.395,5,0,3,-9,-19,-8,0,11,0.0
9.4,-7,0,-6,8,52,15,15,-6,0.0
9.405,-5,-11,-29,-3,-79,3,-15,5,0.0
9.41,0,0,7,-2,37,-17,-2,-3,0.0
9.415000000000001,13,6,10,-3,-5,9,14,18,0.0
9.42,-7,-8,-16,2,-62,20,-13,-13,0.0
9.425,-3,-1,7,4,17,6,7,-7,0.0
9.43,4,5,7,5,23,6,14,4,0.0
9.435,3,2,-1,-7,-64,8,-8,4,0.0
9.44,-9,-5,4,4,68,2,4,-11,0.0
9.445,-5,-6,-6,5,4,11,3,-7,0.0
9.450000000000001,3,-1,4,-2,0,-2,0,6,0.0
9.455,0,-1,-6,1,-17,-9,-4,0,0.0
9.46,0,2,4,1,11,-12,0,0,0.0
9.465,-7,-7,-8,-1,-22,-2,-6,-3,0.0
9.47,6,3,3,-3,-21,-6,-1,2,0.0
9.475,2,2,-1,-4,-4,2,0,2,0.0
9.48,-1,1,0,-2,-2,-2,-3,-2,0.0
9.485,-2,-2,0,-3,-27,-8,-4,-1,0.0
9.49,2,0,3,0,18,-1,1,-2,0.0
9.495000000000001,0,-2,-5,1,14,4,2,-2,0.0
9.5,0,-1,2,-2,-22,-8,-1,-4,0.0
9.505,0,0,1,-4,-8,0,-1,-4,0.0
9.51,-1,-1,2,1,3,0,2,-9,0.0
9.515,3,-1,1,-3,-20,-9,-1,2,0.0
9.52,1,-2,0,-1,7,-8,-5,-2,0.0
9.525,-2,-2,-1,-2,-2,3,-5,-5,0.0
9.53,1,-5,-1,-1,-2,2,2,7,0.0
9.535,-4,1,1,2,4,-5,-1,-6,0.0
9.540000000000001,-1,2,0,-2,-3,0,-1,-1,0.0
9.545,-1,1,-1,2,3,0,-3,-8,0.0
9.55,1,1,0,-1,2,4,0,1,0.0
9.555,0,-2,-4,1,-3,0,5,14,0.0
9.56,-1,-3,0,-4,5,-1,1,-1,0.0
9.565,-12,-8,-11,1,-41,-11,-14,-22,0.0
9.57,2,4,3,2,56,-1,0,5,0.0
9.575000000000001,0,-2,-7,-12,-87,-7,-13,-11,0.0
9.58,5,3,4,3,45,9,10,8,0.0
9.585,-6,1,4,-5,10,1,-3,-5,0.0
9.59,2,0,1,-2,-38,-5,6,4,0.0
9.595,-6,-4,-5,5,18,8,0,-5,0.0
9.6,4,5,9,-1,-3,-5,-4,7,0.0
9.605,3,3,2,-18,-77,-23,-24,5,0.0
9.61,-13,-3,-3,21,109,15,16,-20,0.0
9.615,14,8,16,-18,-106,-9,-6,24,0.0
9.620000000000001,-16,-8,-16,-2,27,-10,-13,-20,0.0
9.625,9,7,16,7,46,1,25,15,0.0
9.63,-10,-8,-5,-14,0,-2,-18,-15,0.0
9.635,8,7,15,-1,64,27,29,14,0.0
9.64,-7,-15,-27,-3,-43,-28,-36,-12,0.0
9.645,-20,-7,-15,11,57,23,6,-44,0.0
9.65,10,9,17,1,64,8,27,18,0.0
9.655,-2,-3,-15,4,-55,-2,-14,0,0.0
9.66,18,10,22,-22,-128,4,-1,26,0.0
9.665000000000001,-12,-13,-17,-7,77,-35,-35,-19,0.0
9.67,7,7,16,1,-11,10,28,9,0.0
9.675,2,7,20,7,9,-1,23,7,0.0
9.68,-11,-10,-17,13,46,-2,-8,-12,0.0
9.685,7,9,21,-2,26,3,22,9,0.0
9.69,-1,-4,-14,-21,-102,-27,-38,-1,0.0
9.695,-8,-7,-16,1,4,3,-11,-18,0.0
9.700000000000001,9,12,18,-9,-87,-17,0,11,0.0
9.705,-8,-4,3,19,109,11,15,-13,0.0
9.71,-7,-9,-19,17,12,-17,-18,-11,0.0
9.715,-7,0,-6,-3,-17,-5,-4,-8,0.0
9.72,3,0,0,4,16,-19,2,0,0.0
9.725,0,-4,-1,-11,16,-5,-4,1,0.0
9.73,-1,-4,-4,9,-22,8,5,5,0.0
9.735,-1,0,0,0,21,-16,-18,-3,0.0
9.74,-5,-5,-8,-6,-77,-3,-18,-9,0.0
9.745000000000001,2,6,5,4,2,5,16,5,0.0
9.75,-5,-5,-5,-1,1,8,-4,-5,0.0
9.755,-7,-5,-7,6,17,-3,-6,-12,0.0
9.76,2,-1,1,-3,10,2,-1,-3,0.0
9.765,1,-2,-4,2,-6,2,3,0,0.0
9.77,1,3,1,1,-2,9,9,5,0.0
9.775,-5,-6,-2,-7,24,2,0,-7,0.0
9.78,3,3,7,-1,28,1,4,4,0.0
9.785,1,-2,-7,-3,-23,-4,-8,-2,0.0
9.790000000000001,0,0,0,3,27,5,8,0,0.0
9.795,1,0,-2,0,-26,-5,-1,5,0.0
9.8,-2,-1,0,-1,-9,-3,0,1,0.0
9.805,-3,-2,-2,3,10,0,1,-2,0.0
9.81,-1,1,1,-1,-5,-1,-2,-1,0.0
9.815,-2,-1,-5,-3,-13,-3,0,3,0.0
9.82,-2,-2,-3,-1,10,-3,0,-5,0.0
9.825000000000001,2,1,1,-2,-10,-3,-3,2,0.0
9.83,-1,0,0,1,6,1,1,10,0.0
9.835,-1,0,-3,-3,-10,-2,-6,0,0.0
9.84,-5,-2,2,5,8,0,3,-16,0.0
9.845,-1,-4,-1,2,-6,-1,-4,-3,0.0
9.85,-10,-3,0,0,6,1,-1,-6,0.0
9.855,-5,-2,-3,1,-4,-1,1,-6,0.0
9.86,-1,1,1,-2,1,-1,-4,-3,0.0
9.865,4,-3,0,-3,-5,1,-2,22,0.0
9.870000000000001,-2,-1,-3,-4,4,1,-1,-9,0.0
9.875,-3,-3,0,-1,-5,-2,-2,-8,0.0
9.88,4,-1,-5,-2,3,-5,3,9,0.0
9.885,1,1,-1,-5,-1,-2,1,-2,0.0
9.89,-1,0,-6,-1,0,-8,-3,0,0.0
9.895,1,1,1,1,1,4,1,-5,0.0
9.9,-2,-2,-4,1,-9,3,-1,16,0.0
9.905,-6,1,-2,-1,-2,-1,-4,-12,0.0
9.91,2,-1,-2,2,10,0,0,-4,0.0
9.915000000000001,-1,-2,0,0,4,0,-2,0,0.0
9.92,0,-5,-4,-3,-1,0,-1,3,0.0
9.925,-3,1,0,-3,3,1,0,-7,0.0
9.93,1,-2,0,1,0,-2,-5,-7,0.0
9.935,0,0,-4,-5,-7,0,0,3,0.0
9.94,-4,-3,1,-2,-3,-2,-1,-6,0.0
9.945,0,-2,-5,-4,-10,-3,-8,6,0.0
9.950000000000001,-7,-3,-1,1,-3,-3,2,-7,0.0
9.955,-4,-2,-1,-2,4,3,3,3,0.0
9.96,-1,-2,0,1,0,-4,-2,-2,0.0
9.965,-2,-3,-1,-1,0,-3,0,-1,0.0
9.97,-3,-2,-1,0,2,-1,0,-1,0.0
9.975,1,3,-1,-3,-6,0,-1,0,0.0
9.98,0,-2,-1,-2,-4,-8,-4,-2,0.0
9.985,3,-3,-1,-1,-3,-4,-4,0,0.0
9.99,2,0,-1,0,2,2,2,4,0.0
9.995000000000001,-2,2,-2,0,-3,1,0,-10,0.0
10.0,1,-3,-2,-6,2,0,1,10,0.0
10.005,0,0,5,-2,9,1,0,-14,0.0
10.01,2,-1,-7,-5,-40,0,-8,10,0.0
10.015,-11,-1,1,-1,14,-4,-4,-19,0.0
10.02,0,0,-1,-2,20,2,5,10,0.0
10.025,0,-2,-7,-5,-55,-16,-18,-9,0.0
10.03,-5,1,7,1,23,2,14,-5,0.0
10.035,-2,-3,1,-2,26,2,0,6,0.0
10.040000000000001,-4,-4,-5,10,-23,-2,0,-15,0.0
10.045,8,3,12,3,41,12,18,15,0.0
10.05,0,-6,-8,2,16,-3,-6,8,0.0
10.055,1,1,-2,-10,-59,-6,-17,2,0.0
10.06,-7,-3,-7,0,19,6,2,-19,0.0
10.065,-4,-2,-4,0,-34,-15,-15,3,0.0
10.07,3,5,4,3,-38,3,7,-5,0.0
10.075000000000001,9,8,12,-6,56,0,4,17,0.0
10.08,-22,-13,-17,3,7,-1,-11,-37,0.0
10.085,5,3,5,-2,58,-6,2,5,0.0
10.09,-7,-2,-8,-6,-70,-1,-9,-10,0.0
10.095,9,8,18,4,86,21,42,19,0.0
10.1,-11,-10,-18,-5,14,-18,-28,-15,0.0
10.105,-6,1,0,10,89,9,9,-10,0.0
10.11,0,-1,4,4,-9,-1,-1,11,0.0
10.115,-2,-2,1,10,7,3,5,-6,0.0
10.120000000000001,10,0,-4,-13,-90,0,-14,15,0.0
10.125,-9,-3,-3,-2,-33,-5,2,-19,0.0
10.13,2,-1,0,-11,39,-1,-6,2,0.0
10.135,-12,-8,-15,0,-99,-21,-23,-22,0.0
10.14,8,9,13,-13,15,-8,-2,15,0.0
10.145,0,1,3,5,17,0,8,7,0.0
10.15,8,1,2,-20,-94,-13,-20,12,0.0
10.155,-11,-7,-6,5,55,4,-4,-21,0.0
10.16,5,3,6,-3,110,13,17,6,0.0
10.165000000000001,-12,-11,-26,10,-59,2,-19,-13,0.0
10.17,6,7,12,10,104,16,25,5,0.0
10.175,8,2,-8,-6,-75,-3,-9,6,0.0
10.18,3,1,10,-1,-43,-10,6,4,0.0
10.185,4,5,9,3,55,11,17,4,0.0
10.19,-12,-10,-11,-4,11,-5,1,-11,0.0
10.195,3,3,14,15,65,0,20,1,0.0
10.200000000000001,-8,-14,-28,4,-46,-18,-28,-14,0.0
10.205,0,-1,-6,-7,6,12,-5,6,0.0
10.21,2,4,12,3,76,-3,9,1,0.0
10.215,-1,-4,-1,-1,5,-11,11,-2,0.0
10.22,5,5,8,-3,8,0,6,11,0.0
10.225,3,3,1,5,-38,18,-3,3,0.0
10.23,-4,-5,-3,-11,-53,-35,-14,-7,0.0
10.235,8,2,-1,-14,-84,-19,-23,10,0.0
10.24,-7,-2,-4,-4,-62,-24,-23,-19,0.0
10.245000000000001,0,0,0,0,-1,-6,6,-2,0.0
10.25,3,0,6,3,40,19,24,19,0.0
10.255,-7,-3,-13,4,-2,-18,-18,-28,0.0
10.26,0,5,10,-9,-21,-4,6,23,0.0
10.265,1,-4,-9,-12,-52,10,-7,1,0.0
10.27,11,10,31,-10,12,-14,27,14,0.0
10.275,-7,-2,-3,8,94,3,16,-12,0.0
10.28,6,6,13,1,11,7,12,6,0.0
10.285,-14,-17,-36,-12,12,-14,-39,-13,0.0
10.290000000000001,5,10,18,5,38,15,30,2,0.0
10.295,-1,-2,-7,-2,-22,4,-15,4,0.0
10.3,-4,-6,-7,5,-17,-5,-2,-6,0.0
10.305,2,7,12,11,40,11,27,8,0.0
10.31,0,0,-2,10,56,-8,10,-1,0.0
10.315,5,2,3,0,-21,-31,-20,0,0.0
10.32,2,0,0,1,26,8,9,7,0.0
10.325000000000001,-5,-5,-3,-1,-16,11,-2,-8,0.0
10.33,7,2,16,2,78,14,21,14,0.0
10.335,-14,-17,-35,-2,-67,-19,-43,-24,0.0
10.34,-4,-1,-3,11,24,24,-2,-10,0.0
10.345,-1,-2,0,3,-27,4,-1,1,0.0
10.35,-7,-8,-7,-6,-93,3,-21,-18,0.0
10.355,5,7,13,1,78,20,30,10,0.0
10.36,-7,-9,-19,-8,-122,-14,-38,-11,0.0
10.365,-2,0,5,-8,20,5,11,1,0.0
10.370000000000001,3,3,3,-6,-10,-5,-1,4,0.0
10.375,-4,-6,-11,0,-71,-2,-12,0,0.0
10.38,-2,-1,2,-10,8,-10,-2,-1,0.0
10.385,-3,0,0,2,1,1,0,-1,0.0
10.39,2,-5,0,3,-1,0,0,2,0.0
10.395,3,3,5,0,23,1,4,4,0.0
10.4,-1,-5,-6,-1,-11,6,0,-1,0.0
10.405,-1,-1,-3,0,1,-2,-5,-2,0.0
10.41,-1,1,-5,1,-12,0,-5,-2,0.0
10.415000000000001,3,1,7,-5,14,-6,2,4,0.0
10.42,-2,0,-6,5,5,2,5,-1,0.0
10.425,-2,1,3,-1,6,2,4,0,0.0
10.43,-2,-2,-3,-2,-9,0,-3,-1,0.0
10.435,1,0,-1,-3,11,-1,-2,-1,0.0
10.44,2,5,4,1,8,-1,3,0,0.0
10.445,-5,-5,-5,1,-1,-2,-1,-3,0.0
10.450000000000001,-3,-2,-3,0,-15,0,-4,-4,0.0
10.455,0,5,3,1,12,1,4,1,0.0
10.46,-2,0,-2,3,2,-1,-6,0,0.0
10.465,0,0,-2,-1,-7,-7,-3,-1,0.0
10.47,-1,-1,-1,2,-8,1,-5,-1,0.0
10.475,0,1,2,-2,-7,0,-3,-2,0.0
10.48,-2,-4,0,-3,2,-4,-5,-2,0.0
10.485,-10,-2,1,-2,4,-2,2,-12,0.0
10.49,8,2,4,0,-12,-2,-3,7,0.0
10.495000000000001,-8,-4,-5,-2,2,4,0,-15,0.0
10.5,2,3,1,-2,7,0,-1,4,0.0
10.505,-1,-3,-3,-3,-9,2,0,-17,0.0
10.51,-9,-4,-5,-7,-10,-5,-8,3,0.0
10.515,0,1,-1,1,3,-2,-1,1,0.0
10.52,4,-2,0,2,3,-4,4,0,0.0
10.525,-15,-6,-3,-5,0,-1,-4,-18,0.0
10.53,0,-1,-4,2,0,1,-1,-1,0.0
10.535,1,0,-1,-2,-13,-9,-3,5,0.0
10.540000000000001,-4,3,-4,-1,0,0,2,-7,0.0
10.545,2,1,-3,3,7,3,6,-3,0.0
10.55,-1,-2,3,-3,-2,-1,-3,-3,0.0
10.555,3,-3,-1,0,4,1,3,8,0.0
10.56,-1,-3,-4,-2,-7,-7,-5,-5,0.0
10.565,2,0,-2,-2,0,3,0,0,0.0
10.57,-2,-2,0,0,-5,-7,-3,-2,0.0
10.575000000000001,1,-1,3,2,2,1,1,2,0.0
10.58,-2,0,0,-2,5,-1,-1,-4,0.0
10.585,-1,-2,-3,-3,-11,0,-4,-3,0.0
10.59,-3,-3,-1,-4,-7,-8,-5,-1,0.0
10.595,-1,-2,-2,-1,1,-8,0,-1,0.0
10.6,-7,-1,0,1,-5,2,-4,-3,0.0
10.605,-2,-2,-3,0,7,5,-1,-3,0.0
10.61,-1,0,-2,2,-1,1,0,1,0.0
10.615,1,-2,-1,1,2,1,0,1,0.0
10.620000000000001,2,-1,-4,-3,-4,-3,-1,3,0.0
10.625,-4,-1,0,-2,-2,-1,-1,-4,0.0
10.63,-3,-1,-1,-2,-3,0,-2,0,0.0
10.635,-5,0,-1,-1,-4,-9,1,0,0.0
10.64,-5,-2,-2,0,3,3,1,-10,0.0
10.645,1,1,0,1,-5,2,-1,0,0.0
10.65,-3,-2,-5,-1,4,-3,-3,2,0.0
10.655,-4,-2,-2,5,2,1,-2,-3,0.0
10.66,1,3,5,3,1,-3,0,1,0.0
10.665000000000001,0,-1,-1,-1,-1,0,0,-1,0.0
10.67,-2,0,-3,-4,-3,-5,0,-9,0.0
10.675,-2,-3,-4,0,-12,-2,-2,10,0.0
10.68,-4,1,-3,-1,-5,-3,-2,1,0.0
10.685,-3,-2,3,0,4,-1,-2,-6,0.0
10.69,1,0,1,0,-1,0,-2,4,0.0
10.695,1,-1,-1,-1,3,3,0,-5,0.0
10.700000000000001,-4,-3,1,-4,-4,0,-1,2,0.0
10.705,-5,-2,-1,-3,-7,0,-4,-3,0.0
10.71,2,0,0,-1,0,-1,0,-1,0.0
10.715,-3,-3,1,-7,-2,-4,-4,-5,0.0
10.72,-3,-2,-1,0,-2,-3,-2,-1,0.0
10.725,-1,-2,0,-2,1,1,0,5,0.0
10.73,-2,-3,-2,-3,1,-1,2,-5,0.0
10.735,4,-3,-3,-3,4,-3,-1,-1,0.0
10.74,-1,-1,-3,-3,-6,1,-3,2,0.0
10.745000000000001,5,5,11,8,55,11,21,29,0.0
10.75,9,-2,0,-3,-65,-8,-21,13,0.0
10.755,-6,2,6,9,71,20,31,-13,0.0
10.76,-3,-6,-14,-6,-33,-21,-26,-9,0.0
10.765,-3,-2,-1,6,33,8,-10,-13,0.0
10.77,0,1,8,-4,52,12,13,8,0.0
10.775,12,8,12,-11,-7,-6,3,17,0.0
10.78,-11,-5,-7,18,90,4,2,-18,0.0
10.785,4,3,7,7,22,14,19,20,0.0
10.790000000000001,-14,-8,-22,-26,-73,-19,-51,-19,0.0
10.795,-7,2,6,14,92,22,22,-9,0.0
10.8,23,9,18,-16,-118,-30,4,32,0.0
10.805,-22,-13,-19,-19,0,-10,-33,-34,0.0
10.81,14,10,18,12,94,23,40,16,0.0
10.815,0,-7,-20,-10,-110,-28,-52,4,0.0
10.82,0,0,1,2,24,22,15,1,0.0
10.825000000000001,2,-5,-2,-3,-53,-33,-9,4,0.0
10.83,5,4,2,3,-32,0,5,-1,0.0
10.835,3,5,8,-28,-67,-14,-13,0,0.0
10.84,-11,-5,-10,-10,13,-8,-10,-19,0.0
10.845,10,1,10,2,56,3,10,12,0.0
10.85,3,2,6,16,96,-15,4,-5,0.0
10.855,-20,-20,-28,-1,-21,-15,-20,-12,0.0
10.86,-4,0,-1,6,61,8,-1,-11,0.0
10.865,22,13,26,7,40,23,37,19,0.0
10.870000000000001,-9,-2,-10,-6,-82,-19,-19,-7,0.0
10.875,18,12,15,7,23,5,33,21,0.0
10.88,-10,-8,-21,-7,-52,14,-22,-10,0.0
10.885,14,11,14,4,4,-24,15,8,0.0
10.89,4,3,7,-7,-21,3,8,2,0.0
10.895,0,-1,-7,8,52,17,-3,-8,0.0
10.9,-7,-3,-5,-9,-3,-27,-13,-1,0.0
10.905,0,0,-5,-14,-66,-9,-12,-7,0.0
10.91,2,3,8,5,-46,-17,2,12,0.0
10.915000000000001,3,0,-3,-4,47,20,-1,2,0.0
10.92,-9,0,4,-4,-34,-29,-17,-19,0.0
10.925,3,-2,0,5,24,-13,5,8,0.0
10.93,-3,-4,-2,-10,-59,-24,-13,-3,0.0
10.935,-2,-3,-4,-9,-22,14,1,-4,0.0
10.94,4,3,10,9,49,-14,11,4,0.0
10.945,9,5,17,-15,-6,-1,14,11,0.0
10.950000000000001,-12,-8,-17,4,105,17,1,-15,0.0
10.955,1,1,4,6,47,3,7,1,0.0
10.96,1,-3,-3,-10,-24,-5,-10,14,0.0
10.965,-3,5,8,-1,26,-2,27,-3,0.0
10.97,8,2,0,-1,-1,-10,5,19,0.0
10.975,4,5,7,15,50,17,18,-1,0.0
10.98,-8,1,-5,-1,-95,-1,-3,-9,0.0
10.985,0,-5,-3,-10,32,-10,2,-1,0.0
10.99,-1,1,1,-13,13,0,-3,0,0.0
10.995000000000001,2,4,7,8,19,-15,11,11,0.0
11.0,-2,-3,-6,-2,-48,-6,-5,-1,0.0
11.005,-2,-5,-5,-3,5,5,-13,-9,0.0
11.01,1,3,2,2,-48,2,-3,-1,0.0
11.015,1,4,9,-15,-33,-12,-7,1,0.0
11.02,-3,-7,-7,5,23,11,-5,3,0.0
11.025,-4,-2,-1,-11,-59,-15,-6,-14,0.0
11.03,-2,-6,-7,8,35,19,9,0,0.0
11.035,1,-2,-3,-3,-17,6,-3,0,0.0
11.040000000000001,0,-3,-8,0,-18,0,-17,-3,0.0
11.045,-7,-3,-5,3,-13,16,-4,-9,0.0
11.05,-2,-6,-9,-8,2,1,-7,-9,0.0
11.055,-1,2,6,2,17,-2,3,8,0.0
11.06,3,4,5,-1,4,0,2,-2,0.0
11.065,-15,-4,-5,3,-2,1,-4,-8,0.0
11.07,0,-2,1,0,39,-4,-1,-2,0.0
11.075000000000001,1,1,1,-2,-10,0,-1,-4,0.0
11.08,2,3,5,2,8,-2,2,1,0.0
11.085,-2,-5,-7,1,-20,6,-4,-3,0.0
11.09,-5,-3,-5,-7,-1,4,-2,3,0.0
11.095,0,-1,0,-1,-1,-5,0,-1,0.0
11.1,0,0,-1,-2,-2,1,-2,-1,0.0
11.105,0,-1,-3,4,1,4,-1,4,0.0
11.11,3,1,1,1,-3,-5,0,-1,0.0
11.115,-2,-1,-1,-2,-6,1,-1,-1,0.0
11.120000000000001,-3,-1,-2,0,3,0,-2,-3,0.0
11.125,-2,-1,-1,-1,2,3,0,-3,0.0
11.13,4,3,1,-2,-7,1,1,0,0.0
11.135,-2,-1,-1,0,6,5,6,-1,0.0
11.14,-2,-2,0,-1,-5,-2,-1,-6,0.0
11.145,2,-1,0,0,11,3,-2,6,0.0
11.15,-11,-2,-5,1,-12,-1,-2,-11,0.0
11.155,1,1,1,3,4,2,2,-4,0.0
11.16,4,0,0,-3,-6,-3,0,5,0.0
11.165000000000001,-1,0,0,2,-2,-7,0,6,0.0
11.17,1,-1,1,-2,-6,-2,-2,-3,0.0
11.175,-2,-1,-4,1,18,-5,0,-5,0.0
11.18,-3,-3,-4,1,-8,-4,-4,-6,0.0
11.185,-4,0,-1,-1,3,-5,-5,-5,0.0
11.19,1,1,-4,-2,2,1,-1,2,0.0
11.195,-1,-1,-1,-1,-24,-2,-2,-6,0.0
11.200000000000001,-1,2,-1,0,5,-2,1,-1,0.0
11.205,-1,-2,-2,-3,-6,-1,-2,-1,0.0
11.21,-2,0,1,1,5,1,0,-4,0.0
11.215,-3,-1,-2,0,-2,1,-2,3,0.0
11.22,2,1,0,4,1,-4,-1,-2,0.0
11.225,-1,1,-3,5,3,-1,2,2,0.0
11.23,-3,-3,-5,-3,-6,-3,-2,-2,0.0
11.235,-3,-2,-2,-3,5,-1,-5,-7,0.0
11.24,0,-3,-2,-1,0,0,-1,6,0.0
11.245000000000001,-3,-2,-3,1,6,-1,0,2,0.0
11.25,1,2,-1,-2,-18,0,0,-2,0.0
11.255,-1,-2,0,-5,1,-3,-5,-6,0.0
11.26,0,-3,-3,1,2,0,1,2,0.0
11.265,2,0,0,1,0,-2,-3,5,0.0
11.27,-3,-3,1,-6,2,-1,1,-1,0.0
11.275,1,-2,0,1,-8,0,-5,12,0.0
11.28,-2,-2,0,-1,-2,-1,1,-2,0.0
11.285,1,-2,0,2,8,-10,-1,-3,0.0
11.290000000000001,-1,-1,-2,-2,-12,1,-2,1,0.0
11.295,-2,-3,-3,-1,7,3,1,-2,0.0
11.3,1,2,0,2,2,-1,-4,-6,0.0
11.305,-3,-1,0,-2,-1,1,1,-2,0.0
11.31,0,0,-1,-1,1,0,-1,-3,0.0
11.315,-1,0,0,2,-3,-4,-2,4,0.0
11.32,-5,-2,-2,0,-4,-2,0,-5,0.0
11.325000000000001,-2,-2,-3,-1,-1,3,1,-1,0.0
11.33,-1,0,1,2,-4,-8,5,0,0.0
11.335,-3,-2,0,-4,-7,-4,-1,-2,0.0
11.34,-2,2,1,0,1,-3,2,-3,0.0
11.345,0,-2,0,2,1,-5,0,1,0.0
11.35,-5,-2,-3,-4,-1,-1,-1,-9,0.0
11.355,-2,2,1,2,0,-1,-1,-3,0.0
11.36,2,0,-2,-1,0,0,-1,-2,0.0
11.365,-1,0,-1,-1,-2,-1,-1,10,0.0
11.370000000000001,0,-6,1,-1,-6,-1,-1,-3,0.0
11.375,2,2,10,-2,-30,1,2,-3,0.0
11.38,0,-5,-7,-3,13,-3,5,6,0.0
11.385,-4,-7,-19,-10,-84,-11,-30,-14,0.0
11.39,13,10,19,13,71,21,38,30,0.0
11.395,-10,-13,-20,2,96,-2,0,-20,0.0
11.4,-2,-4,-7,-4,-18,-16,-27,3,0.0
11.405,6,3,8,-12,-9,-17,-5,4,0.0
11.41,9,8,13,-8,19,8,17,20,0.0
11.415000000000001,-8,-6,-5,1,-3,7,3,-5,0.0
11.42,-13,-12,-26,-2,35,-36,-43,-23,0.0
11.425,2,2,4,-10,-86,8,8,7,0.0
11.43,4,5,13,11,113,14,28,6,0.0
11.435,-5,-12,-29,-15,-87,-29,-48,-12,0.0
11.44,3,6,12,11,49,17,39,5,0.0
11.445,-4,-3,1,9,59,3,4,2,0.0
11.450000000000001,-2,-1,-7,-3,-4,-12,-12,-7,0.0
11.455,14,14,28,-10,-43,14,38,22,0.0
11.46,-8,-11,-20,7,11,-4,-25,-8,0.0
11.465,-2,-2,1,13,-8,4,3,-3,0.0
11.47,0,-2,2,-4,8,-3,7,-5,0.0
11.475,2,1,14,5,66,-1,24,9,0.0
11.48,-5,-3,-6,11,-10,6,5,-7,0.0
11.485,-1,-2,-5,5,30,8,0,-5,0.0
11.49,-3,-4,-10,-5,-52,-9,-26,-6,0.0
11.495000000000001,2,5,14,16,70,13,25,4,0.0
11.5,-1,-7,-13,2,3,8,-10,1,0.0
11.505,-2,-1,0,-4,-10,-30,-10,-3,0.0
11.51,-5,-6,-25,-18,-108,-12,-39,-7,0.0
11.515,5,13,16,13,83,10,25,6,0.0
11.52,0,0,0,0,-33,8,0,2,0.0
11.525,-7,2,-5,8,34,14,4,-22,0.0
11.53,-19,-17,-27,22,100,10,-10,-15,0.0
11.535,-1,-2,-4,4,-68,-9,-8,-10,0.0
11.540000000000001,3,-1,4,-7,28,1,-5,6,0.0
11.545,-7,-4,-11,-1,-67,-20,-10,-9,0.0
11.55,9,8,17,-12,-49,-7,10,11,0.0
11.555,1,0,-1,-2,18,3,-1,-4,0.0
11.56,3,3,10,6,63,6,20,6,0.0
11.565,-17,-22,-38,1,-17,6,-38,-22,0.0
11.57,1,1,1,-7,-21,1,1,-4,0.0
11.575000000000001,-7,-7,-8,-2,-47,-2,-8,-8,0.0
11.58,4,1,1,-7,-12,-19,-19,1,0.0
11.585,5,7,9,-10,16,-11,0,10,0.0
11.59,-19,-17,-27,1,2,-7,-16,-26,0.0
11.595,12,10,16,5,41,7,24,17,0.0
11.6,-8,-8,-10,-5,-64,-19,-26,-13,0.0
11.605,5,4,5,-4,-12,12,13,6,0.0
11.61,-3,-3,-7,2,32,5,-10,-1,0.0
11.615,-4,-2,-5,-16,-28,-25,-14,-13,0.0
11.620000000000001,-1,-4,-1,-2,15,3,1,-2,0.0
11.625,3,-3,1,3,-1,15,2,5,0.0
11.63,8,6,9,-4,-27,4,11,6,0.0
11.635,-5,-2,-4,1,42,7,3,-1,0.0
11.64,2,5,7,-3,-17,3,4,2,0.0
11.645,-4,-2,1,0,-32,-1,5,-4,0.0
11.65,4,2,4,1,19,6,7,7,0.0
11.655,-6,-3,-4,5,29,0,-4,-7,0.0
11.66,-1,-3,-6,1,-30,-12,-2,-1,0.0
11.665000000000001,-5,-4,-1,2,39,4,-1,-3,0.0
11.67,5,3,3,-1,7,2,3,-5,0.0
11.675,-3,-1,0,6,30,-11,7,2,0.0
11.68,-8,-6,-6,-5,-52,-13,-19,-7,0.0
11.685,-1,2,-1,-1,-1,-2,-7,-3,0.0
11.69,3,4,6,1,8,4,13,3,0.0
11.695,3,0,2,5,42,9,6,-2,0.0
11.700000000000001,0,-1,-1,-2,-15,-10,-3,-4,0.0
11.705,1,-4,0,4,5,5,6,-4,0.0
11.71,4,-5,-2,-4,-18,-5,-17,14,0.0
11.715,-7,-4,-11,-6,-67,-15,-20,-9,0.0
11.72,0,1,0,1,9,-3,-2,-6,0.0
11.725,-2,1,-3,0,-2,-2,-1,5,0.0
11.73,0,-5,-2,0,0,-3,0,-5,0.0
11.735,-2,-4,-1,1,-1,0,3,1,0.0
11.74,1,4,2,0,9,0,-1,1,0.0
11.745000000000001,2,1,2,4,-8,-2,0,0,0.0
11.75,-2,-2,-3,-5,-3,-3,-3,-3,0.0
11.755,-5,-1,-3,-1,3,-1,-1,-5,0.0
11.76,0,-3,0,-1,-1,-1,2,1,0.0
11.765,-1,-2,0,0,-11,1,-2,1,0.0
11.77,-6,-1,-1,-3,2,1,2,-9,0.0
11.775,0,-1,2,1,-1,0,0,0,0.0
11.78,0,0,-1,1,1,2,1,-1,0.0
11.785,-1,1,0,4,8,2,-1,3,0.0
11.790000000000001,0,-2,-4,-8,-36,-7,-5,-1,0.0
11.795,-5,-1,0,-6,13,1,-1,-5,0.0
11.8,-3,-1,-3,-3,0,-1,-2,1,0.0
11.805,-1,0,1,0,-1,-3,0,-3,0.0
11.81,-1,-2,-2,4,8,1,2,1,0.0
11.815,-2,-1,-1,0,-5,-1,-3,-6,0.0
11.82,-2,0,-1,1,2,-3,-1,-2,0.0
11.825000000000001,2,-4,-1,-3,8,-2,1,4,0.0
11.83,-1,0,-1,-6,-56,-10,-6,10,0.0
11.835,-5,-1,-3,-2,5,4,-3,-5,0.0
11.84,-3,-4,-2,3,11,-1,2,-3,0.0
11.845,12,3,9,-4,-50,-3,1,21,0.0
11.85,-19,-9,-21,-5,-56,-6,-19,-32,0.0
11.855,7,5,15,8,76,10,29,12,0.0
11.86,-10,-9,-19,-23,-116,-51,-57,-30,0.0
11.865,-9,-1,-1,3,88,16,19,-8,0.0
11.870000000000001,15,9,16,1,61,18,17,34,0.0
11.875,-9,-11,-21,-14,-69,-23,-33,-16,0.0
11.88,0,4,11,15,111,26,40,8,0.0
11.885,6,-1,-2,-11,-68,-30,-22,2,0.0
11.89,-12,-9,-16,2,-10,8,-13,-14,0.0
11.895,12,17,17,2,57,0,20,11,0.0
11.9,-3,-11,-19,-14,-86,14,-15,1,0.0
11.905,-7,-8,-14,-1,-107,5,-14,-16,0.0
11.91,-2,0,-2,-7,-13,-11,-7,8,0.0
11.915000000000001,5,2,6,-9,-2,8,11,8,0.0
11.92,-2,-1,0,9,30,-20,-1,-2,0.0
11.925,-10,-12,-21,-22,-120,-11,-34,-10,0.0
11.93,4,4,13,-2,101,-7,10,1,0.0
11.935,5,1,3,1,34,4,9,7,0.0
11.94,-6,-7,-6,17,66,12,3,-12,0.0
11.945,7,10,12,3,41,18,16,-16,0.0
11.950000000000001,-16,-13,-22,-3,-9,-17,-19,2,0.0
11.955,5,6,4,-3,67,2,0,11,0.0
11.96,9,3,6,-24,-128,-10,0,18,0.0
11.965,-8,-7,-8,13,89,7,-3,-4,0.0
11.97,5,3,6,3,-57,-5,4,-21,0.0
11.975,-2,-1,1,8,47,4,9,0,0.0
11.98,-5,-4,-15,-2,-102,-7,-25,-16,0.0
11.985,-3,-1,1,-4,17,-6,-1,1,0.0
11.99,-3,0,6,-1,19,10,8,-2,0.0
11.995000000000001,-4,-2,4,-1,-41,-15,-5,-5,0.0
12.0,-1,2,0,3,15,8,10,3,0.0
12.005,-5,-2,-4,-4,-62,-10,-20,-9,0.0
12.01,8,4,11,2,88,-1,19,8,0.0
12.015,-17,-12,-21,22,45,19,4,-24,0.0
12.02,-1,-2,0,-12,-8,-6,-13,8,0.0
12.025,3,0,-2,-3,-26,-11,-4,6,0.0
12.030000000000001,-4,-4,-4,3,35,15,2,-7,0.0
12.035,4,4,4,-8,-26,-14,0,7,0.0
12.040000000000001,3,0,0,1,-19,-10,-4,6,0.0
12.045,-2,-4,-2,3,29,5,9,-1,0.0
12.05,2,-1,-2,-5,-3,3,-3,1,0.0
12.055,3,-1,-2,1,12,4,3,-1,0.0
12.06,-4,0,-1,-2,9,-4,3,0,0.0
12.065,4,3,5,2,19,9,4,5,0.0
12.07,-2,-5,-7,2,-29,-7,-5,-1,0.0
12.075000000000001,-1,-2,2,-3,-7,-4,-2,0,0.0
12.08,-3,-2,-1,0,-2,8,1,-4,0.0
12.085,0,-3,-2,6,9,-3,-2,3,0.0
12.09,2,3,2,-4,10,2,5,2,0.0
12.095,-4,-4,-4,1,22,3,1,-3,0.0
12.1,-2,-3,-3,2,-17,-10,-3,-1,0.0
12.105,-2,-1,-2,-7,-23,2,-4,-2,0.0
12.11,1,-3,3,4,47,3,4,0,0.0
12.115,-8,-4,-8,0,-9,13,-1,-5,0.0
12.120000000000001,-2,-2,-2,-3,11,-1,-4,-5,0.0
12.125,-2,-1,2,1,4,6,4,2,0.0
12.13,-2,0,0,1,-18,-1,0,0,0.0
12.135,0,2,-3,0,-9,-6,0,5,0.0
12.14,-2,0,2,-4,-16,1,0,-3,0.0
12.145,0,-2,-1,-2,6,-2,2,1,0.0
12.15,-1,-4,-6,3,3,-3,-1,-2,0.0
12.155000000000001,2,-1,-3,1,-7,2,-2,1,0.0
12.16,-1,2,-1,1,6,-3,2,-2,0.0
12.165000000000001,-1,-2,1,-4,-2,-3,-2,4,0.0
12.17,4,4,-3,0,11,2,1,0,0.0
12.175,-2,-2,1,-1,-26,-2,-6,-2,0.0
12.18,0,-3,2,-1,4,-5,4,2,0.0
12.185,-2,-1,-2,2,6,-2,1,-3,0.0
12.19,-1,-2,-3,2,4,5,1,5,0.0
12.195,7,2,-2,-2,2,2,0,10,0.0
12.200000000000001,12,-5,0,1,-6,-2,0,-11,0.0
12.205,-12,0,-2,-6,-3,-5,-8,-6,0.0
12.21,2,2,-1,-3,2,-1,-1,4,0.0
12.215,2,-1,-2,-6,-17,-3,-3,-5,0.0
12.22,-2,-3,-1,5,8,1,5,2,0.0
12.225,-4,-2,-2,-3,-1,-3,-4,5,0.0
12.23,-1,2,-2,-3,0,1,-3,0,0.0
12.235,7,0,-4,1,3,-7,0,23,0.0
12.24,-22,-2,-2,-1,-10,0,-3,-48,0.0
12.245000000000001,9,-1,0,2,11,0,2,8,0.0
12.25,-11,0,-1,-4,-8,-5,-7,-26,0.0
12.255,7,-1,-2,-1,7,-1,3,23,0.0
12.26,-4,2,0,-4,-10,-3,-10,-45,0.0
12.265,-3,1,0,3,-1,3,-4,-22,0.0
12.27,7,-5,-5,-1,1,-1,-1,38,0.0
12.275,-4,1,1,-2,0,0,1,-6,0.0
12.280000000000001,-2,-2,4,-1,6,-2,2,3,0.0
12.285,-2,-3,-4,0,-16,-7,-6,-3,0.0
12.290000000000001,-3,-3,-2,-1,11,6,4,-5,0.0
12.295,-1,-5,0,-2,-4,1,-4,-4,0.0
12.3,2,3,2,0,4,1,2,6,0.0
12.305,1,0,-3,2,-4,-2,-1,-3,0.0
12.31,0,-4,-1,-1,-10,-1,-1,-2,0.0
12.315,3,3,14,4,83,25,21,16,0.0
12.32,3,0,-2,-15,-75,-9,-17,0,0.0
12.325000000000001,10,6,12,-10,-26,-8,4,13,0.0
12.33,-10,-5,-3,17,9,10,1,-12,0.0
12.335,5,-3,-2,-3,1,-9,8,14,0.0
12.34,6,9,17,15,77,6,18,4,0.0
12.345,14,6,2,-3,-112,7,9,21,0.0
12.35,-21,-13,-25,-2,-21,-28,-50,-33,0.0
12.355,-30,-13,-20,17,115,8,-10,-34,0.0
12.36,10,10,11,-6,-63,1,6,14,0.0
12.365,-2,-7,-11,-11,-58,-19,-21,-8,0.0
12.370000000000001,5,-1,7,15,39,12,15,15,0.0
12.375,3,-2,4,3,12,-5,9,10,0.0
12.38,1,1,-3,10,41,2,6,0,0.0
12.385,2,2,1,-8,-56,-11,-8,2,0.0
12.39,-5,-6,-8,6,32,-2,1,-8,0.0
12.395,23,16,26,-2,4,14,32,43,0.0
12.4,-8,-8,-16,14,89,-6,2,-14,0.0
12.405000000000001,-15,-13,-20,13,-30,9,-23,-20,0.0
12.41,18,12,11,-12,-79,-1,2,24,0.0
12.415000000000001,-2,0,5,3,55,1,21,-2,0.0
12.42,-3,0,0,-7,-1,-7,-5,-11,0.0
12.425,2,-2,-2,-9,-54,-20,-16,-4,0.0
12.43,-3,-1,7,-2,26,1,4,-1,0.0
12.435,6,4,-1,-6,14,-3,-6,-1,0.0
12.44,-6,0,-6,-5,-1,0,4,0,0.0
12.445,-7,-13,-19,3,-21,1,-9,-9,0.0
12.450000000000001,4,0,4,-6,-4,-12,-6,5,0.0
12.455,-1,0,-2,-5,-3,1,-2,3,0.0
12.46,-6,-3,-5,2,4,11,-3,-10,0.0
12.465,3,6,5,-1,6,-12,4,2,0.0
12.47,0,-4,-3,-5,-20,-3,-2,3,0.0
12.475,3,4,10,3,14,5,10,3,0.0
12.48,3,-4,1,1,-17,-2,4,2,0.0
12.485,2,-2,-4,-1,-23,2,-5,3,0.0
12.49,3,1,-1,5,-9,-9,-4,-2,0.0
12.495000000000001,8,5,15,-13,-5,-8,8,12,0.0
12.5,-15,-14,-20,10,84,17,-7,-18,0.0
12.505,-3,-4,4,6,46,8,4,-5,0.0
12.51,6,9,7,1,8,-2,2,10,0.0
12.515,0,-2,-4,-2,-10,-3,-6,-3,0.0
12.52,-1,3,3,1,9,2,4,2,0.0
12.525,0,-2,2,1,-18,-2,0,-4,0.0
12.530000000000001,-2,-5,-5,-3,-16,-5,-7,-2,0.0
12.535,1,-1,-3,1,-1,-4,-1,1,0.0
12.540000000000001,2,0,1,-5,-10,-1,-2,8,0.0
12.545,3,-3,0,-1,1,2,0,-3,0.0
12.55,-8,-1,-1,-4,-4,0,-2,-7,0.0
12.555,-1,0,1,1,3,-2,2,-3,0.0
12.56,3,-1,0,-1,-1,-4,-3,0,0.0
12.565,1,-4,-3,0,-1,-1,2,3,0.0
12.57,-12,2,-1,-2,-4,-3,-7,-15,0.0
12.575000000000001,9,-2,-1,-1,-3,-1,6,44,0.0
12.58,3,2,-2,6,1,-5,-2,-16,0.0
12.585,5,1,-3,-4,-1,-6,-1,22,0.0
12.59,-5,-3,-1,-2,-7,5,-1,-14,0.0
12.595,1,0,-4,-1,2,-1,-5,-9,0.0
12.6,0,-2,0,-2,2,6,0,-1,0.0
12.605,0,-3,-2,0,2,5,2,-3,0.0
12.61,-2,0,2,-5,-8,-12,-6,-2,0.0
12.615,-1,1,0,0,-1,-5,1,-7,0.0
12.620000000000001,-5,-2,0,-5,-2,8,-1,-3,0.0
12.625,-1,3,-1,-10,-26,-3,-3,-4,0.0
12.63,-6,-6,-2,-1,-8,-1,-1,-2,0.0
12.635,4,3,9,1,37,17,15,9,0.0
12.64,7,7,13,-3,34,-29,-3,5,0.0
12.645,4,4,8,9,86,10,15,4,0.0
12.65,-8,-10,-20,-9,-67,-8,-27,-13,0.0
12.655000000000001,-7,-6,-6,12,2,9,9,-5,0.0
12.66,1,-3,-5,-13,-18,-10,-16,1,0.0
12.665000000000001,-5,-2,-7,-4,-42,5,-10,-12,0.0
12.67,9,8,21,-15,-12,-10,9,19,0.0
12.675,-9,-7,-12,16,62,13,3,-16,0.0
12.68,-7,-4,-8,8,98,21,3,-6,0.0
12.685,8,5,4,-21,-128,-13,-8,17,0.0
12.69,-9,-10,-13,-16,-28,-2,-12,-7,0.0
12.695,-9,-6,-5,15,111,17,10,-8,0.0
12.700000000000001,6,0,7,6,38,-5,8,9,0.0
12.705,-4,-4,-16,-13,-88,-22,-29,-11,0.0
12.71,4,7,15,10,104,-1,25,4,0.0
12.715,4,1,8,-7,2,-3,5,5,0.0
12.72,-9,-7,-17,-3,-75,-2,-17,-11,0.0
12.725,-8,-2,2,9,71,8,5,-12,0.0
12.73,6,4,8,5,13,-1,8,7,0.0
12.735,-2,-2,-6,-7,1,-9,-13,-2,0.0
12.74,7,9,11,3,9,4,23,12,0.0
12.745000000000001,-9,-5,-12,6,54,3,-5,-13,0.0
12.75,1,-4,-3,-11,-62,-22,-19,2,0.0
12.755,4,3,4,2,19,-11,2,1,0.0
12.76,6,5,8,-1,-14,4,17,10,0.0
12.765,2,2,-1,-7,-53,-6,-15,-5,0.0
12.77,0,-1,-1,-2,-19,3,5,5,0.0
12.775,-3,-1,3,9,24,11,11,-1,0.0
12.780000000000001,0,2,3,11,27,12,9,5,0.0
12.785,-9,-5,-7,-9,-49,-29,-22,-15,0.0
12.790000000000001,0,1,7,10,47,1,15,-2,0.0
12.795,1,0,-2,1,-3,-4,-2,0,0.0
12.8,-1,-3,-5,-10,-50,2,-10,-3,0.0
12.805,-4,-4,-9,0,1,6,-3,-6,0.0
12.81,-1,-3,-1,2,-4,0,-4,-4,0.0
12.815,0,1,-2,-8,-15,10,-9,1,0.0
12.82,-4,-4,-6,-5,-16,-3,-10,-6,0.0
12.825000000000001,1,3,1,1,-10,18,6,-2,0.0
12.83,-3,-1,-6,-1,1,-7,-9,-3,0.0
12.835,-4,-4,-4,1,17,0,-4,-6,0.0
12.84,1,4,3,-3,-15,-38,-1,7,0.0
12.845,-3,-5,-4,-2,-18,-1,-2,0,0.0
12.85,3,7,6,3,22,19,13,6,0.0
12.855,3,0,3,-5,-14,-5,3,2,0.0
12.86,0,-3,-2,-5,-21,2,-4,-2,0.0
12.865,-3,-4,-1,1,1,-5,-3,0,0.0
12.870000000000001,2,-3,4,2,9,-2,2,-1,0.0
12.875,1,-2,-5,-5,-56,-9,-12,-1,0.0
12.88,-1,0,-2,-6,-16,-3,-6,-2,0.0
12.885,-3,-2,-1,-3,-3,0,2,-1,0.0
12.89,-1,5,2,-3,-1,-4,0,-1,0.0
12.895,0,-3,-2,1,35,-2,-3,-2,0.0
12.9,-4,-4,-1,2,9,-2,5,-2,0.0
12.905000000000001,0,0,-2,8,42,9,1,-3,0.0
12.91,2,0,-3,0,-68,-2,-11,1,0.0
12.915000000000001,-2,-1,-1,-2,6,-1,-3,-3,0.0
12.92,1,-1,-1,-2,-7,-1,-1,1,0.0
12.925,-2,-3,-2,0,-3,0,-4,-2,0.0
12.93,-6,0,2,4,1,2,0,-8,0.0
12.935,-2,-2,1,-3,0,-2,-4,-6,0.0
12.94,4,1,-2,-3,-2,-4,-1,6,0.0
